model,well_id,window_start,window_end,n_points,rmse,mae,smape
NaiveDrift,156320,2019-01-01,2024-12-01,72,94.21501625095358,61.756763330017826,144.43186965634823
NaiveDrift,156332,2017-02-01,2022-01-01,60,40.81233594005417,26.700951024217893,59.81981341277471
NaiveDrift,156333,2019-01-01,2024-12-01,72,41.28323880341959,30.169688329489823,95.9662465163698
NaiveDrift,156334,2017-07-01,2023-06-01,72,59.50094907236326,47.101967820191504,60.92451919149294
NaiveDrift,156335,2018-08-01,2024-07-01,72,60.22462572339694,44.046973584014914,62.003543100708576
NaiveDrift,156336,2018-11-01,2024-10-01,72,48.57406492359836,37.01703605992792,87.67024347162307
NaiveDrift,156338,2019-01-01,2024-12-01,72,41.54081140842024,25.127452493157325,68.57815298609736
NaiveDrift,156339,2017-03-01,2023-02-01,72,91.50808519305362,72.61453858024691,87.77193376759371
NaiveDrift,156473,2019-01-01,2024-12-01,72,49.0175706802892,39.09626607248197,89.41200152252982
NaiveDrift,156475,2017-09-01,2023-08-01,72,100.5002962107548,79.81581306199921,70.1374928147733
NaiveDrift,156488,2019-01-01,2024-12-01,72,66.70571366000404,55.156341363633466,112.06003932015702
NaiveDrift,156490,2019-01-01,2024-12-01,72,67.68386218060247,52.99985915856922,113.66761499009421
NaiveDrift,156491,2016-06-01,2022-05-01,72,566.2450607447729,233.0976183504667,66.24653699277486
NaiveDrift,156492,2017-01-01,2022-12-01,72,93.20458838753477,61.93424989708572,94.13660475699969
NaiveDrift,156493,2016-12-01,2021-11-01,60,96.01191391901965,61.967665259740244,54.96312847879357
NaiveDrift,156550,2019-01-01,2024-12-01,72,70.54885741920076,52.15893637461572,50.20303060394285
NaiveDrift,156553,2016-10-01,2022-09-01,72,352.60228569676974,192.1586396220659,62.99003526054331
NaiveDrift,156554,2017-10-01,2023-09-01,72,151.48627980789362,111.01740747227723,57.15130372157915
NaiveDrift,156555,2019-01-01,2024-12-01,72,83.1376534988876,63.863676015152436,51.958429458514715
NaiveDrift,156697,2019-01-01,2024-12-01,72,166.75710595925173,126.68136258688656,95.3450767949428
NaiveDrift,156707,2017-06-01,2022-05-01,60,142.56799075829136,93.83404166666664,68.52592849795569
NaiveDrift,156709,2019-01-01,2024-12-01,72,63.0946102755279,44.06481386167083,40.60306616199624
NaiveDrift,156710,2017-06-01,2022-05-01,60,172.95736399303485,114.68589768518518,41.367547345596186
NaiveDrift,156751,2017-06-01,2023-05-01,72,94.50358627234714,56.346699320686774,63.49929656109397
NaiveDrift,156756,2019-01-01,2024-12-01,72,66.1176780772905,51.94091293891294,100.63449689996492
NaiveDrift,156757,2016-09-01,2022-08-01,72,719.4863387206244,344.97700178620664,78.13258290127439
NaiveDrift,156758,2017-06-01,2022-05-01,60,117.09016726710644,75.75046007487026,72.08912645335045
NaiveDrift,156760,2017-02-01,2022-01-01,60,180.78522244882825,115.22235023815762,89.71574422219211
NaiveDrift,156761,2016-11-01,2022-10-01,72,333.7792689215499,180.43681460813494,90.77639458802047
NaiveDrift,156873,2017-08-01,2022-07-01,60,95.84691343358101,68.95568194444445,79.31988693220386
NaiveDrift,156874,2018-07-01,2024-06-01,72,86.87505162579556,58.063030778325384,86.93695216222861
NaiveDrift,156875,2018-01-01,2023-12-01,72,63.328867591312985,46.76608738530783,59.00604286839161
NaiveDrift,156968,2019-01-01,2024-12-01,72,82.92884592997952,65.51058914436258,47.62664450524014
NaiveDrift,156969,2016-11-01,2022-10-01,72,788.9983518983638,352.4307954676808,69.9451563570228
NaiveDrift,156970,2018-11-01,2024-10-01,72,88.47125002761271,73.60699757136096,92.98025429443197
NaiveDrift,156971,2019-01-01,2024-12-01,72,153.64582446810164,94.73160914578844,99.99234687267744
NaiveDrift,156972,2019-01-01,2024-12-01,72,104.11099340715734,80.7366745210199,84.59760738128332
NaiveDrift,156973,2017-08-01,2022-07-01,60,44.03651424756143,24.74378927625419,59.68461779264827
NaiveDrift,157109,2019-01-01,2024-12-01,72,104.33791172712048,77.0205645355742,79.05432211234367
NaiveDrift,157111,2019-01-01,2024-12-01,72,137.68381647237044,117.70917650768335,110.87942248423987
NaiveDrift,157112,2016-12-01,2022-11-01,72,810.4421963968513,342.7923072479586,78.14065570973945
NaiveDrift,157113,2017-03-01,2023-02-01,72,133.89433985451583,80.9711070606128,81.81266503432357
NaiveDrift,157114,2016-12-01,2021-11-01,60,832.7520674859253,374.5618870676692,57.84062503339284
NaiveDrift,157190,2017-11-01,2022-10-01,60,60.377961584309794,52.159505555555555,51.930257805818634
NaiveDrift,157191,2017-12-01,2022-11-01,60,67.21561911789429,55.70418351539384,78.30876795958072
NaiveDrift,157329,2017-03-01,2022-02-01,60,492.5248747839219,235.86942011619465,111.94487327896942
NaiveDrift,157330,2017-08-01,2021-07-01,48,75.1110176320294,52.77974053030304,56.63857186443361
NaiveDrift,157332,2019-01-01,2024-12-01,72,39.45163237231716,32.689630310459144,112.10466675439164
NaiveDrift,157333,2019-01-01,2024-12-01,72,41.365413260028014,29.667043805608664,97.60704497000657
NaiveDrift,157334,2017-03-01,2022-02-01,60,416.22949244637795,197.4704832244008,77.2301884455784
NaiveDrift,157335,2019-01-01,2024-12-01,72,42.388506547713654,32.84780963040849,72.17092738955847
NaiveDrift,157336,2017-03-01,2022-02-01,60,323.56745464390633,147.57571780906093,58.07131983570816
NaiveDrift,157861,2019-01-01,2024-12-01,72,102.52068310991152,86.74162104245225,73.57036234414682
NaiveDrift,157863,2019-01-01,2024-12-01,72,97.37150943407856,78.7065328565644,70.95191378733843
NaiveDrift,157873,2017-08-01,2021-07-01,48,124.40249280676859,105.57278497023809,138.1962690315427
NaiveDrift,157874,2019-01-01,2024-12-01,72,63.176727482870454,50.70229811470355,76.89177213208248
NaiveDrift,157875,2018-03-01,2023-02-01,60,106.53444009478159,63.20706930569025,77.34883470895049
NaiveDrift,157876,2018-03-01,2023-02-01,60,71.42489045703955,55.86547200043251,87.24977232807323
NaiveDrift,157972,2018-01-01,2021-12-01,48,237.2986986940882,143.2287040719697,54.47962022412264
NaiveDrift,157977,2018-04-01,2023-03-01,60,65.3399913878005,51.774190784431546,63.12788132615053
NaiveDrift,157978,2017-10-01,2023-09-01,72,113.34725157582287,66.49665381843342,70.41552899011842
NaiveDrift,157986,2017-09-01,2022-08-01,60,706.1087004308223,365.2681958333333,117.59324431075594
NaiveDrift,158041,2019-01-01,2024-12-01,72,130.39159506285569,88.1785073186233,52.33849498739502
NaiveDrift,158042,2017-09-01,2023-08-01,72,507.915072142805,246.10554008355484,68.59626327578343
NaiveDrift,158043,2019-01-01,2024-12-01,72,68.96248159986746,50.19559853656716,91.80318796105358
NaiveDrift,158044,2019-01-01,2024-12-01,72,105.02817620981669,76.69803313050801,76.5189825731116
NaiveDrift,158045,2019-01-01,2024-12-01,72,81.21229976627917,55.919852487734794,76.06633082726617
NaiveDrift,158046,2018-02-01,2022-01-01,48,185.34172960162826,109.64458191287879,58.91625880685436
NaiveDrift,158080,2019-01-01,2024-12-01,72,132.3492555041167,110.3398069216996,134.80097766326062
NaiveDrift,158148,2018-01-01,2021-12-01,48,126.7667588287028,83.86741798941797,45.90714863959327
NaiveDrift,158149,2018-02-01,2022-01-01,48,92.81621409931985,62.45252846223775,53.33443126816658
NaiveDrift,158150,2018-06-01,2022-05-01,48,71.73897602018418,57.7242603794987,93.1844621821369
NaiveDrift,158151,2018-06-01,2024-05-01,72,78.48318415445165,45.85744932503874,94.3302797594779
NaiveDrift,158152,2018-02-01,2024-01-01,72,103.07957734063805,59.93727863516536,63.14852941513194
NaiveDrift,158171,2019-01-01,2024-12-01,72,42.09131695632037,31.774192272747833,103.72574211701297
NaiveDrift,158238,2019-01-01,2024-12-01,72,189.9635570895551,127.42008736353965,65.51032654231729
NaiveDrift,158239,2019-01-01,2024-12-01,72,49.89144811386664,42.48910206588627,50.71600381575623
NaiveDrift,158362,2019-01-01,2024-12-01,72,102.41032649573718,82.75155739258001,50.14609547042188
NaiveDrift,158363,2019-01-01,2024-12-01,72,117.66969248878095,78.0150155075188,45.36469177442538
NaiveDrift,158364,2019-01-01,2024-12-01,72,107.34617466792002,66.23359474206349,45.11294908305217
NaiveDrift,158365,2019-01-01,2024-12-01,72,75.54334094285197,55.17821821581197,52.69317929839027
NaiveDrift,158427,2018-08-01,2023-07-01,60,298.5692829686617,172.81517342371592,74.4747801147769
NaiveDrift,158443,2018-04-01,2024-03-01,72,335.8083122319662,187.14750685425685,62.99544504703795
NaiveDrift,158469,2019-01-01,2024-12-01,72,85.35491936936236,64.07104557007989,80.74498352250619
NaiveDrift,158470,2019-01-01,2024-12-01,72,111.3147485695931,90.94714803176731,98.318852162789
NaiveDrift,158471,2019-01-01,2024-12-01,72,115.8651888835688,87.91664300757341,115.28733424009518
NaiveDrift,158560,2018-04-01,2023-03-01,60,628.2964572736144,293.5629553522283,81.9859148280521
NaiveDrift,158561,2018-02-01,2023-01-01,60,595.5320440853259,298.92449842466897,77.1662274917199
NaiveDrift,158562,2019-01-01,2024-12-01,72,131.4398267106752,104.89460373140169,111.62193277665246
NaiveDrift,158753,2019-01-01,2022-12-01,48,149.61126164308067,98.19821180555556,66.60505596096812
NaiveDrift,158754,2018-10-01,2024-09-01,72,205.1637761298206,110.03615080961077,77.8000122215323
NaiveDrift,158755,2019-01-01,2024-12-01,72,285.53913515108036,166.39793325617282,64.90700825841593
NaiveDrift,158757,2018-04-01,2024-03-01,72,626.6570016230427,359.40197862848845,72.78677223759622
NaiveDrift,158892,2019-01-01,2024-12-01,72,267.0246997084022,139.11536615254303,42.60117589463757
NaiveDrift,158893,2019-01-01,2024-12-01,72,105.88772926733837,86.20318447638925,121.81863789229543
NaiveDrift,158895,2018-07-01,2022-06-01,48,93.5721836919919,73.9609032738095,106.67219031166663
NaiveDrift,158896,2019-01-01,2024-12-01,72,152.455183758537,116.54431680588277,144.85980640601196
NaiveDrift,158973,2019-01-01,2024-12-01,72,133.8211651573772,98.1036126975346,65.51414194063868
NaiveDrift,158974,2018-11-01,2024-10-01,72,246.54154800904217,141.1602658491427,53.58468756341743
NaiveDrift,158975,2019-01-01,2024-12-01,72,196.30904905347802,155.50489012712896,99.54634757820244
NaiveDrift,159026,2018-11-01,2024-10-01,72,91.52984066031692,72.39909621269301,67.78160697110047
NaiveDrift,159027,2019-01-01,2024-12-01,72,108.39282976617618,75.79851406110063,76.24765747515357
NaiveDrift,159075,2018-10-01,2024-09-01,72,272.5667943556834,139.00310097001764,44.4336621405309
NaiveDrift,159086,2019-01-01,2024-12-01,72,50.953616481713325,40.46917893658168,41.38600490498503
NaiveDrift,159135,2019-02-01,2024-01-01,60,128.81488782183322,101.4353644902148,61.12012442390739
NaiveDrift,159137,2019-01-01,2024-12-01,72,159.65980339195283,109.60793697380252,54.765721184319624
NaiveDrift,159168,2019-01-01,2024-12-01,72,107.8818488486632,82.7058423281524,62.87106726488806
NaiveDrift,159222,2018-11-01,2024-10-01,72,233.77769073592393,163.51766386083054,80.38002293045194
NaiveDrift,159223,2019-02-01,2024-01-01,60,38.984061910137974,32.216975595554544,45.11564678537941
NaiveDrift,159224,2019-03-01,2024-02-01,60,162.44958787849188,127.80584898433136,83.25879438564208
NaiveDrift,159225,2019-01-01,2024-12-01,72,318.2429657860901,196.00627400979334,87.88709036968379
NaiveDrift,159226,2018-12-01,2022-11-01,48,188.1597539665302,136.071414349123,58.747333138743784
NaiveDrift,159227,2018-12-01,2024-11-01,72,349.1759886307192,193.29375495592774,58.59465414058808
NaiveDrift,159281,2018-11-01,2023-10-01,60,255.84563318052696,129.66506579513091,41.81466190953342
NaiveDrift,159379,2018-09-01,2022-08-01,48,1610.6379378461388,906.6262437343361,95.31595910948285
NaiveDrift,159382,2019-01-01,2024-12-01,72,663.9222539408141,412.5132145662978,77.31256030048637
NaiveDrift,159492,2019-01-01,2024-12-01,72,314.16906743759597,226.12936736430973,56.26407275504065
NaiveDrift,159493,2018-10-01,2023-09-01,60,2365.7138975416397,1067.23724272219,89.60535160418439
NaiveDrift,159498,2019-01-01,2024-12-01,72,807.2416542790215,476.00014044923853,67.62647931068616
NaiveDrift,159499,2019-01-01,2024-12-01,72,532.4540883374251,291.3929090495707,59.964147382646644
NaiveDrift,159500,2019-01-01,2024-12-01,72,1169.5705132832513,586.5935304575693,68.83298305736295
NaiveDrift,159527,2019-01-01,2024-12-01,72,340.60756628965123,148.93340674328678,51.03294949454346
NaiveDrift,159580,2019-01-01,2024-12-01,72,169.51733331466582,127.38465186202686,89.2181014842933
NaiveDrift,159582,2019-01-01,2024-12-01,72,827.0737803870451,410.3987176816239,97.98935725418684
NaiveDrift,159583,2019-01-01,2024-12-01,72,1154.222895524673,532.9909624255953,102.7017656213254
NaiveDrift,159584,2019-01-01,2024-12-01,72,502.90259831649746,225.29704697992983,54.57227966679383
NaiveDrift,159590,2019-01-01,2024-12-01,72,355.00805650317545,214.42867471764345,94.9740121054674
NaiveDrift,159607,2019-01-01,2024-12-01,72,249.9628587215693,106.77299789186506,55.76913211584928
NaiveDrift,159619,2019-01-01,2024-12-01,72,383.9271507137739,177.02795882936508,55.89045233538751
NaiveDrift,159709,2019-01-01,2024-12-01,72,1385.030364171916,599.0213984533985,56.003126809163106
NaiveDrift,159710,2018-12-01,2024-11-01,72,1591.2560712187274,645.9828822930984,100.96961187290157
NaiveDrift,159711,2019-01-01,2024-12-01,72,710.9221665649301,319.05116447937206,61.96413704763693
NaiveDrift,159837,2019-05-01,2023-04-01,48,213.4322424669964,126.85911111111109,94.27464832235644
NaiveDrift,159838,2019-07-01,2023-06-01,48,219.28784271203284,131.46076704545453,130.50697918497772
NaiveDrift,159840,2019-01-01,2024-12-01,72,717.8156357344917,320.96143975955187,88.86732601192868
NaiveDrift,159841,2019-01-01,2024-12-01,72,938.661599788124,433.32927559624864,90.64684076880354
NaiveDrift,159842,2019-01-01,2024-12-01,72,997.8915393245437,448.52144343665196,97.34266860835129
NaiveDrift,159843,2019-01-01,2024-12-01,72,1477.14030167645,625.274340450485,88.03307673494015
NaiveDrift,159847,2019-12-01,2024-11-01,60,90.45096698113814,59.25678867710132,74.82785595606443
NaiveDrift,159848,2019-01-01,2024-12-01,72,2119.253189611858,982.7269104198668,64.55611875326582
NaiveDrift,159942,2020-01-01,2024-12-01,60,88.71771224586477,68.63193458434681,36.78506472620491
NaiveDrift,159983,2019-06-01,2024-05-01,60,629.0876439594766,400.05832592592594,89.14492478182366
NaiveDrift,159984,2020-01-01,2024-12-01,60,209.29178610472687,157.75775341262616,52.00305642016937
NaiveDrift,159989,2020-01-01,2024-12-01,60,162.73387871937464,133.25219906395526,67.3794253693841
NaiveDrift,160049,2020-01-01,2024-12-01,60,309.93653217230724,202.88139583333336,72.12215342250518
NaiveDrift,160050,2020-01-01,2024-12-01,60,293.61189470646565,231.75404861111116,60.54605736595627
NaiveDrift,160054,2019-09-01,2024-08-01,60,362.65843418675604,251.68150852272723,97.00491909625788
NaiveDrift,160055,2020-01-01,2024-12-01,60,150.40842309788573,114.70669444444447,80.91803718692576
NaiveDrift,160056,2020-01-01,2024-12-01,60,271.32580819244214,219.14099814814816,86.38322078472989
NaiveDrift,160057,2019-12-01,2024-11-01,60,241.54521494406796,176.90437106996026,83.23898654378088
NaiveDrift,160148,2019-12-01,2024-11-01,60,141.68963740400903,100.97748222733554,101.7974904638702
NaiveDrift,160149,2020-01-01,2024-12-01,60,435.19319462465484,300.76482093040573,75.15327070244453
NaiveDrift,160164,2020-01-01,2024-12-01,60,107.97347009469014,77.25381337893046,32.56225897899007
NaiveDrift,160208,2020-01-01,2024-12-01,60,217.60027699109017,140.85278870163847,49.350105296061564
NaiveDrift,160209,2020-01-01,2024-12-01,60,237.53455301197255,154.31651237456134,39.309221452341184
NaiveDrift,160210,2020-01-01,2024-12-01,60,240.8004238227604,137.95139191954826,60.48994414521763
NaiveDrift,160211,2020-01-01,2024-12-01,60,323.3933499090849,216.1460844906424,53.94909189168876
NaiveDrift,160332,2020-01-01,2024-12-01,60,312.7623500667461,187.32948796992477,42.96736009211042
NaiveDrift,160333,2019-10-01,2024-09-01,60,627.967555616469,349.1889322751322,76.34296017810331
NaiveDrift,160334,2020-01-01,2024-12-01,60,200.2386654839087,164.76225470494416,89.72578596922463
NaiveDrift,160335,2020-01-01,2024-12-01,60,373.99844123271504,249.42438794967217,61.94210056060216
NaiveDrift,160344,2020-01-01,2024-12-01,60,234.0208384144234,151.8688077922078,76.82088971623149
NaiveDrift,160345,2020-01-01,2024-12-01,60,149.37112743081093,111.58280009873167,76.14006308722202
NaiveDrift,160346,2020-01-01,2024-12-01,60,142.52691405435215,109.4888994227994,81.86000339027768
NaiveDrift,160430,2020-01-01,2024-12-01,60,226.75489254006047,162.78615573593072,109.28601072916997
NaiveDrift,160431,2020-01-01,2024-12-01,60,115.6750977631944,88.97345514069262,79.63380336577946
NaiveDrift,160432,2019-09-01,2024-08-01,60,565.1849785371563,298.79155380036633,63.60553602589285
NaiveDrift,160433,2020-01-01,2024-12-01,60,166.83033771014902,121.69306385281385,42.616703706449094
NaiveDrift,160434,2020-01-01,2024-12-01,60,130.90867938360103,98.39346279761904,64.3313021604657
NaiveDrift,160435,2020-01-01,2024-12-01,60,499.3738586337645,284.55748985389613,58.55206552304477
NaiveDrift,160436,2019-10-01,2024-09-01,60,802.8614500155766,547.7086802123424,87.78790691005932
NaiveDrift,160437,2020-01-01,2024-12-01,60,245.04510263989772,189.53458601190474,85.83051100805181
NaiveDrift,160447,2020-01-01,2024-12-01,60,147.45751471237207,86.27748733766234,50.23788636783783
NaiveDrift,160455,2020-01-01,2024-12-01,60,197.4413975067631,115.1055832521645,57.22449330208745
NaiveDrift,160520,2020-01-01,2024-12-01,60,485.1762265274679,267.83052137807175,65.05636369930042
NaiveDrift,160571,2020-01-01,2024-12-01,60,715.7813847057882,374.5518380747553,57.560805056182716
NaiveDrift,160572,2020-01-01,2024-12-01,60,555.9232950531576,302.84227612132054,50.46003508052998
NaiveDrift,160574,2020-01-01,2024-12-01,60,616.3562182937402,348.1770000851622,66.19102320913647
NaiveDrift,160575,2020-08-01,2024-07-01,48,196.8137386918676,112.34184895833334,37.41216063764246
NaiveDrift,160692,2020-01-01,2024-12-01,60,567.7206541801562,335.9765634920635,89.92939993210662
NaiveDrift,160693,2020-01-01,2024-12-01,60,1219.1727679035425,712.0932776014108,69.51223563020568
NaiveDrift,160694,2020-01-01,2024-12-01,60,1044.9641465673005,658.0569920634921,68.87627404852829
NaiveDrift,160755,2019-12-01,2023-11-01,48,658.0261959228621,365.95127131878826,62.71360441350509
NaiveDrift,160786,2020-01-01,2024-12-01,60,495.9217685980001,289.3547098491008,88.48514378107907
NaiveDrift,160789,2020-01-01,2024-12-01,60,498.3580166052528,266.5084182067273,49.8546462003072
NaiveDrift,160854,2020-01-01,2024-12-01,60,693.8463856637959,411.5776771729198,63.98662447563594
NaiveDrift,160855,2020-01-01,2024-12-01,60,400.73226003011274,234.82149233459253,111.68347594131856
NaiveDrift,160856,2020-01-01,2024-12-01,60,505.3646039503898,269.7649581034001,63.79657225059538
NaiveDrift,160865,2020-01-01,2024-12-01,60,291.9852261420007,196.13350492798864,71.81042677764403
NaiveDrift,160866,2019-10-01,2024-09-01,60,1465.9178648509878,687.8770200539814,133.04839603103414
NaiveDrift,160885,2020-01-01,2024-12-01,60,499.35449993714576,287.58432500000004,59.87981369700903
NaiveDrift,160886,2020-01-01,2024-12-01,60,763.8331704103978,444.23386964285714,54.95506725871597
NaiveDrift,160897,2020-01-01,2024-12-01,60,250.66990310665062,125.47545961538461,53.366194914136265
NaiveDrift,160909,2020-01-01,2024-12-01,60,330.58979860286956,182.90053214285712,79.42403063094288
NaiveDrift,160911,2020-01-01,2024-12-01,60,106.70409923800646,88.57241964285716,62.55575704279899
NaiveDrift,160925,2019-11-01,2024-10-01,60,1778.1872671524568,774.8533568536727,59.35412135365709
NaiveDrift,160926,2020-01-01,2024-12-01,60,466.46849510113367,244.32108479853483,63.92495997674711
NaiveDrift,160927,2020-01-01,2024-12-01,60,819.424298814184,415.1337176282051,62.484313444096756
NaiveDrift,160928,2020-01-01,2024-12-01,60,1541.3080373579826,809.5625340201465,81.78993588731653
NaiveDrift,160930,2019-12-01,2024-11-01,60,671.1616028982673,326.583351416122,52.124796729566555
NaiveDrift,160932,2020-01-01,2024-12-01,60,1121.7798248844226,665.6344496336998,58.707271615456506
NaiveDrift,161222,2020-01-01,2024-12-01,60,1083.3075312811172,507.4992700798838,53.921202162679016
NaiveDrift,161223,2020-01-01,2024-12-01,60,1321.398477261629,695.027754248366,80.79558395099072
NaiveDrift,161229,2020-01-01,2024-12-01,60,804.6243144550317,386.9774797385622,54.787871731316045
NaiveDrift,161253,2020-01-01,2024-12-01,60,1064.2699477205288,533.1316967320262,63.972658390824314
NaiveDrift,161254,2020-01-01,2024-12-01,60,627.8067173294529,316.3939928774929,73.67391903327231
NaiveDrift,161255,2020-01-01,2024-12-01,60,1073.1648784414813,503.7547309200603,83.61166395284519
NaiveDrift,161256,2020-01-01,2024-12-01,60,934.0353467300687,447.8668373722139,78.67199022446395
NaiveDrift,161364,2020-01-01,2024-12-01,60,913.5519193967698,484.3595866666666,74.5829855170634
NaiveDrift,161365,2020-01-01,2024-12-01,60,1158.7729680757602,594.8382499248122,71.4647315176534
NaiveDrift,161366,2020-01-01,2024-12-01,60,1776.1544161533538,797.5813625563911,99.26222542233222
NaiveDrift,161367,2020-07-01,2024-06-01,48,114.7057924435308,90.57372774621213,78.19389462016815
NaiveDrift,161368,2020-01-01,2024-12-01,60,2248.852713371265,1053.7346294505496,76.64778627340057
NaiveDrift,161369,2020-01-01,2024-12-01,60,2112.6309790946516,979.3704704761906,73.09663303218264
NaiveDrift,161370,2020-01-01,2024-12-01,60,1849.0237156820872,833.655012631579,103.52205834469595
NaiveDrift,161371,2020-01-01,2024-12-01,60,567.1781165694896,321.76962666281094,100.70898038685695
NaiveDrift,161372,2020-01-01,2024-12-01,60,1065.8851197356867,518.0337836167342,131.25492504603872
NaiveDrift,161373,2020-01-01,2024-12-01,60,690.5043532955387,427.9746597493735,102.2147940926252
NaiveDrift,161374,2020-11-01,2024-10-01,48,120.15094473419703,106.40568576388887,65.64942590630841
NaiveDrift,161421,2021-01-01,2024-12-01,48,307.48866587700843,219.21038143854216,47.13952641454471
NaiveDrift,161422,2021-01-01,2024-12-01,48,163.09522782516177,98.88119360176502,38.95582697136894
NaiveDrift,161423,2021-01-01,2024-12-01,48,150.65698942568025,102.83545431145428,50.07521848786971
NaiveDrift,161424,2021-01-01,2024-12-01,48,186.11050976364638,143.19695187428403,49.92586743966512
NaiveDrift,161425,2021-01-01,2024-12-01,48,364.94601070871585,285.87549040264753,96.28941010417448
NaiveDrift,161451,2021-01-01,2024-12-01,48,257.93465902170294,177.88824521511302,36.20137098249913
NaiveDrift,161483,2021-01-01,2024-12-01,48,115.99380562240387,84.61903645833333,32.70441909382
NaiveDrift,161485,2021-01-01,2024-12-01,48,50.52919920744374,40.514227430555565,28.535731910564916
NaiveDrift,161514,2021-01-01,2024-12-01,48,212.01044242628302,141.87946180555554,56.94633183555599
NaiveDrift,161515,2021-01-01,2024-12-01,48,485.53928430977777,369.9540104166667,103.92516283142061
NaiveDrift,161516,2021-01-01,2024-12-01,48,254.0263182522119,194.05074363425925,63.6708646795046
NaiveDrift,161532,2021-01-01,2024-12-01,48,137.45140311035408,103.91442708333334,80.66533049628535
NaiveDrift,161577,2021-01-01,2024-12-01,48,142.85119283597098,113.78824250633731,38.15519256743314
NaiveDrift,161581,2021-01-01,2024-12-01,48,45.18156020950401,40.04183083995098,19.08561770463784
NaiveDrift,161582,2021-01-01,2024-12-01,48,355.2304390336864,233.46832326784465,63.6685004022028
NaiveDrift,161583,2021-01-01,2024-12-01,48,201.89593320095753,156.61308252925676,51.9022252429998
NaiveDrift,161584,2021-01-01,2024-12-01,48,432.40123594480053,301.02302941176475,84.45501345956127
NaiveDrift,161585,2021-01-01,2024-12-01,48,195.64193600549405,138.78791734480353,77.8182781525495
NaiveDrift,161604,2021-01-01,2024-12-01,48,193.12493770661646,125.25878905264487,54.64569178185369
NaiveDrift,161605,2021-01-01,2024-12-01,48,662.6544991829317,365.881515742463,50.50343836930986
NaiveDrift,161606,2021-01-01,2024-12-01,48,569.0806933338697,330.3336975703325,91.84354558890003
NaiveDrift,161607,2021-01-01,2024-12-01,48,349.43719922992454,245.3836991591103,92.43437054296936
NaiveDrift,161608,2021-01-01,2024-12-01,48,567.1918816574123,371.3375257572754,74.63145909843523
NaiveDrift,161641,2021-01-01,2024-12-01,48,237.1681551286052,173.62130519065332,50.681527557342314
NaiveDrift,161654,2021-01-01,2024-12-01,48,202.6592549839959,155.7169357320003,41.29880248585987
NaiveDrift,161685,2021-01-01,2024-12-01,48,425.98508585700915,291.6694826396961,87.90353418562954
NaiveDrift,161686,2021-01-01,2024-12-01,48,495.02483505113923,302.92051792218865,72.46988971151434
NaiveDrift,161687,2021-01-01,2024-12-01,48,312.9367014677151,266.0484035883128,102.82269891344997
NaiveDrift,161688,2021-01-01,2024-12-01,48,519.5094666409454,352.7634334941486,68.25050590246758
NaiveDrift,161689,2021-01-01,2024-12-01,48,291.0992597356189,192.26936159226534,64.47910715718147
NaiveDrift,161690,2021-01-01,2024-12-01,48,573.0411427020545,365.29573700883515,57.12144683563332
NaiveDrift,161691,2021-01-01,2024-12-01,48,513.9923662153082,291.0701684782609,59.69883579594565
NaiveDrift,161692,2021-01-01,2024-12-01,48,210.86430336952236,126.94263988994805,52.393213453928574
NaiveDrift,161704,2021-01-01,2024-12-01,48,210.27648966615783,150.45563196543438,68.08229039343655
NaiveDrift,161705,2021-01-01,2024-12-01,48,253.85907983202085,154.61867165581648,66.2246382074443
NaiveDrift,161706,2021-01-01,2024-12-01,48,207.68481769097798,179.40097290358833,76.2125424770296
NaiveDrift,161707,2021-01-01,2024-12-01,48,113.93436657310828,88.97043359102535,77.37642798369238
NaiveDrift,161721,2021-01-01,2024-12-01,48,490.78652875860854,352.66407665945167,73.28392219583263
NaiveDrift,161722,2021-01-01,2024-12-01,48,454.774943830479,302.6130027056277,70.58771129191724
NaiveDrift,161723,2021-01-01,2024-12-01,48,101.77150254580674,78.2024871933622,53.11416251347109
NaiveDrift,161774,2021-01-01,2024-12-01,48,626.694501936339,370.32256944444447,48.121430439334006
NaiveDrift,161844,2021-01-01,2024-12-01,48,410.2537856665951,225.38353605765266,73.68000757167783
NaiveDrift,161846,2021-01-01,2024-12-01,48,993.1481687394179,598.1080052083335,84.25879056238621
NaiveDrift,161847,2021-01-01,2024-12-01,48,627.1485674926815,379.0907361111111,83.55017045840678
NaiveDrift,161865,2021-01-01,2024-12-01,48,1890.7232305062353,914.2449577067669,54.395764359367774
NaiveDrift,161866,2021-01-01,2024-12-01,48,2188.3692005583093,1215.9008878205127,68.52605652228966
NaiveDrift,161867,2021-01-01,2024-12-01,48,2201.9520306064906,1028.809675390399,48.80287672875088
NaiveDrift,161868,2021-01-01,2024-12-01,48,2914.7316585824215,1586.8727222222221,71.77688984042108
NaiveDrift,161915,2021-01-01,2024-12-01,48,1773.8518947540363,906.9692199248117,115.84321448831834
NaiveDrift,161916,2021-01-01,2024-12-01,48,1779.2543319236531,858.265060728745,76.65062685021992
NaiveDrift,161917,2022-01-01,2024-12-01,36,127.77371126732113,89.16124204204203,92.30173175700217
NaiveDrift,161918,2021-01-01,2024-12-01,48,1674.0495038260515,864.5409100877192,97.38785093993961
NaiveDrift,161932,2022-01-01,2024-12-01,36,102.79302389784937,82.90513888888889,81.750430465452
NaiveDrift,161933,2022-01-01,2024-12-01,36,267.70104850403794,204.50774234234234,49.70258317689818
NaiveDrift,161934,2022-01-01,2024-12-01,36,302.66594624386977,214.2910972972973,57.46991106580603
NaiveDrift,161935,2022-01-01,2024-12-01,36,289.69894038456573,240.47125555555556,59.643758799148685
NaiveDrift,161948,2022-01-01,2024-12-01,36,249.80187769738137,172.25923536613539,57.52731264345711
NaiveDrift,161949,2022-01-01,2024-12-01,36,188.3580203176767,153.19113753753751,43.260842033042685
NaiveDrift,161950,2022-01-01,2024-12-01,36,158.41567979721174,121.9970390852391,41.67422529080781
NaiveDrift,161951,2022-01-01,2024-12-01,36,231.69900761139985,184.78767944097945,35.665701102543025
NaiveDrift,161953,2022-01-01,2024-12-01,36,199.67062358486743,142.25284259644258,58.04469942877625
NaiveDrift,161954,2022-01-01,2024-12-01,36,232.9787316323866,170.2252801801802,60.413378323982975
NaiveDrift,161955,2022-01-01,2024-12-01,36,155.50171810663082,117.50463028413027,69.67302270451957
NaiveDrift,162001,2022-01-01,2024-12-01,36,384.1170300830483,315.0850434782608,38.92265018622844
NaiveDrift,162024,2022-01-01,2024-12-01,36,259.8619564538035,219.0909722222222,57.606083786825856
NaiveDrift,162025,2022-01-01,2024-12-01,36,200.05169311096785,182.86574074074073,103.87807481284047
NaiveDrift,162026,2022-01-01,2024-12-01,36,223.08013143368854,189.60782407407407,58.859823218016714
NaiveDrift,162027,2022-01-01,2024-12-01,36,237.27634261529735,178.4788888888889,77.3853640207444
NaiveDrift,162028,2022-01-01,2024-12-01,36,430.2019792313515,359.3408641975309,65.64471459719286
NaiveDrift,162029,2022-01-01,2024-12-01,36,449.1803358077083,309.0598225308642,85.66788890460582
NaiveDrift,162030,2022-01-01,2024-12-01,36,363.60208125756276,275.9137037037037,58.547118990647014
NaiveDrift,162080,2022-01-01,2024-12-01,36,229.41268471393664,193.62767181128055,60.06427733477916
NaiveDrift,162081,2022-01-01,2024-12-01,36,162.66662629456468,125.112803187151,45.18778746671272
NaiveDrift,162082,2022-01-01,2024-12-01,36,148.2284929305571,118.62895087521171,49.532366783899604
NaiveDrift,162083,2022-01-01,2024-12-01,36,93.08873044243776,80.74246063115629,51.504909019898115
NaiveDrift,162085,2022-01-01,2024-12-01,36,202.19554386514784,140.47598933433716,73.4099302049728
ExponentialSmoothing,156320,2019-01-01,2024-12-01,72,82.24141313971558,52.38343141066665,115.06006296556588
ExponentialSmoothing,156332,2017-02-01,2022-01-01,60,36.1070544638988,24.02983356078466,48.30183520136233
ExponentialSmoothing,156333,2019-01-01,2024-12-01,72,29.70344210665522,24.813587667383686,69.83281090313754
ExponentialSmoothing,156334,2017-07-01,2023-06-01,72,51.10921692281655,40.59502888144426,56.114950635194425
ExponentialSmoothing,156335,2018-08-01,2024-07-01,72,52.06812083659672,40.25485857709365,61.07933266677642
ExponentialSmoothing,156336,2018-11-01,2024-10-01,72,41.55768188177443,30.44682605997788,64.55900087275074
ExponentialSmoothing,156338,2019-01-01,2024-12-01,72,38.070570926200034,23.6420290339415,62.82867290844875
ExponentialSmoothing,156339,2017-03-01,2023-02-01,72,93.44469305244401,73.76639949921228,87.25285569890796
ExponentialSmoothing,156473,2019-01-01,2024-12-01,72,33.40094616026995,24.570706004820565,42.036022744073584
ExponentialSmoothing,156475,2017-09-01,2023-08-01,72,86.03839613216695,69.95684511630344,64.18335417163084
ExponentialSmoothing,156488,2019-01-01,2024-12-01,72,60.50242262607324,49.036002487539236,80.59634896051101
ExponentialSmoothing,156490,2019-01-01,2024-12-01,72,52.32177325804447,40.84148765286462,79.62367917040143
ExponentialSmoothing,156491,2016-06-01,2022-05-01,72,85.96472279372591,53.55423121543137,44.43854839947002
ExponentialSmoothing,156492,2017-01-01,2022-12-01,72,80.15114480484232,50.962322773582066,55.806331079583046
ExponentialSmoothing,156493,2016-12-01,2021-11-01,60,37.143187844113775,30.228666714414953,42.02633639055734
ExponentialSmoothing,156550,2019-01-01,2024-12-01,72,67.07026088155797,50.893194547908166,52.017642407312984
ExponentialSmoothing,156553,2016-10-01,2022-09-01,72,88.11917344440235,63.72069457209774,43.623958025495575
ExponentialSmoothing,156554,2017-10-01,2023-09-01,72,105.76109525822255,75.45722222222221,48.259585970179536
ExponentialSmoothing,156555,2019-01-01,2024-12-01,72,72.10515479271986,57.65180569230683,50.716375509928895
ExponentialSmoothing,156697,2019-01-01,2024-12-01,72,153.0294631513477,115.71902777086113,93.91567613966825
ExponentialSmoothing,156707,2017-06-01,2022-05-01,60,71.82844873127456,60.23866661785542,61.21948603387877
ExponentialSmoothing,156709,2019-01-01,2024-12-01,72,48.65199224830738,36.653194438123855,37.99037088962166
ExponentialSmoothing,156710,2017-06-01,2022-05-01,60,99.60896155041712,70.1249957276159,31.85526311617202
ExponentialSmoothing,156751,2017-06-01,2023-05-01,72,75.13604446007399,46.29881392354116,58.2630564086585
ExponentialSmoothing,156756,2019-01-01,2024-12-01,72,60.78687459328056,47.497361121910316,95.25155304261051
ExponentialSmoothing,156757,2016-09-01,2022-08-01,72,88.3284320606074,63.49680462799019,40.840053160523944
ExponentialSmoothing,156758,2017-06-01,2022-05-01,60,67.28990631396323,51.68017464792074,66.34278325374285
ExponentialSmoothing,156760,2017-02-01,2022-01-01,60,68.28738695083875,50.9268333080411,70.51121461806162
ExponentialSmoothing,156761,2016-11-01,2022-10-01,72,90.43493317188872,68.0266666337144,72.96231461487325
ExponentialSmoothing,156873,2017-08-01,2022-07-01,60,50.68897054507395,38.731333267559606,67.60809972782981
ExponentialSmoothing,156874,2018-07-01,2024-06-01,72,69.77781581647707,45.90655086281812,81.35057957731895
ExponentialSmoothing,156875,2018-01-01,2023-12-01,72,42.713360949046425,33.91055544729863,53.47267235259811
ExponentialSmoothing,156968,2019-01-01,2024-12-01,72,59.619989958862014,43.367040224080114,37.04358167192283
ExponentialSmoothing,156969,2016-11-01,2022-10-01,72,95.79124360635673,76.04944450171456,49.81653429515071
ExponentialSmoothing,156970,2018-11-01,2024-10-01,72,70.59734700685559,59.82555537720108,89.2368087790287
ExponentialSmoothing,156971,2019-01-01,2024-12-01,72,121.69428649949879,79.11624968446375,97.40235397408735
ExponentialSmoothing,156972,2019-01-01,2024-12-01,72,85.46543724609401,68.53007221193428,80.59580251564964
ExponentialSmoothing,156973,2017-08-01,2022-07-01,60,31.336537886985983,22.617189728492498,58.737232013092694
ExponentialSmoothing,157109,2019-01-01,2024-12-01,72,98.54826264917588,72.94911951897876,76.98576836946985
ExponentialSmoothing,157111,2019-01-01,2024-12-01,72,94.05164682987242,81.27184307330556,99.91646782865438
ExponentialSmoothing,157112,2016-12-01,2022-11-01,72,108.23369635329144,76.58558077597084,59.35197040857661
ExponentialSmoothing,157113,2017-03-01,2023-02-01,72,54.14673955051002,41.25181771645929,73.15317543523345
ExponentialSmoothing,157114,2016-12-01,2021-11-01,60,102.09521276727962,67.96506300252051,32.486041046216975
ExponentialSmoothing,157190,2017-11-01,2022-10-01,60,55.86383210079707,47.368055637623904,47.575878386071494
ExponentialSmoothing,157191,2017-12-01,2022-11-01,60,61.49050805777122,50.35605315912348,69.49419534887642
ExponentialSmoothing,157329,2017-03-01,2022-02-01,60,95.66724017623432,65.50183370678126,92.39803492056383
ExponentialSmoothing,157330,2017-08-01,2021-07-01,48,39.738885414531445,29.29249968846018,45.40813227296513
ExponentialSmoothing,157332,2019-01-01,2024-12-01,72,30.03197828428922,25.741535318544898,71.99094285098714
ExponentialSmoothing,157333,2019-01-01,2024-12-01,72,38.00808389850661,28.587379862492778,91.9536231895955
ExponentialSmoothing,157334,2017-03-01,2022-02-01,60,84.60952818415244,53.35870749543587,56.0761471047824
ExponentialSmoothing,157335,2019-01-01,2024-12-01,72,33.820247250483774,25.454372313932645,66.7698386306139
ExponentialSmoothing,157336,2017-03-01,2022-02-01,60,40.40613418414212,30.41995169373001,37.14514209147258
ExponentialSmoothing,157861,2019-01-01,2024-12-01,72,82.00226001342502,66.84728206866636,56.64424749170413
ExponentialSmoothing,157863,2019-01-01,2024-12-01,72,86.14119971268372,67.25953877880139,60.89916796997071
ExponentialSmoothing,157873,2017-08-01,2021-07-01,48,146.25710873844872,81.60637908541483,44.55004591003243
ExponentialSmoothing,157874,2019-01-01,2024-12-01,72,59.73990349190344,48.249547314711634,70.112028609355
ExponentialSmoothing,157875,2018-03-01,2023-02-01,60,49.995748830768235,34.28257092130782,41.78562101357851
ExponentialSmoothing,157876,2018-03-01,2023-02-01,60,52.980348024190974,41.93683293887973,82.27151049631512
ExponentialSmoothing,157972,2018-01-01,2021-12-01,48,83.33122467466016,56.44194553752697,36.03898891576937
ExponentialSmoothing,157977,2018-04-01,2023-03-01,60,57.831738173547855,45.730166561524065,57.42886537233767
ExponentialSmoothing,157978,2017-10-01,2023-09-01,72,88.66940726725933,55.652500563889504,53.606975992390886
ExponentialSmoothing,157986,2017-09-01,2022-08-01,60,212.58341460661325,153.72800058132412,106.8391731963844
ExponentialSmoothing,158041,2019-01-01,2024-12-01,72,66.34246878877188,54.99394481357505,43.46832937023318
ExponentialSmoothing,158042,2017-09-01,2023-08-01,72,90.36838428906478,62.79099946464536,40.10202803539663
ExponentialSmoothing,158043,2019-01-01,2024-12-01,72,48.51523873260228,35.84722221297521,84.57317043175392
ExponentialSmoothing,158044,2019-01-01,2024-12-01,72,75.58904109633963,59.29089822311687,71.52437522111671
ExponentialSmoothing,158045,2019-01-01,2024-12-01,72,60.29502700863426,42.95930551355083,64.00043307441125
ExponentialSmoothing,158046,2018-02-01,2022-01-01,48,98.62790675814135,70.0657997050472,48.44345093901047
ExponentialSmoothing,158080,2019-01-01,2024-12-01,72,115.55361374230058,88.08502817650411,97.12236559684885
ExponentialSmoothing,158148,2018-01-01,2021-12-01,48,105.74623943343117,85.98656473528892,55.209146169977174
ExponentialSmoothing,158149,2018-02-01,2022-01-01,48,28.880052062425253,20.848958472814406,28.5580640303277
ExponentialSmoothing,158150,2018-06-01,2022-05-01,48,47.920868397647155,37.26479154690479,80.35739068552378
ExponentialSmoothing,158151,2018-06-01,2024-05-01,72,58.1571455143294,39.71944038002139,96.15624804963939
ExponentialSmoothing,158152,2018-02-01,2024-01-01,72,68.91747024570164,45.52111024225641,54.05926207743201
ExponentialSmoothing,158171,2019-01-01,2024-12-01,72,9.355296333411902,7.448055558022525,17.378045391130694
ExponentialSmoothing,158238,2019-01-01,2024-12-01,72,130.58404981756428,97.78862789091733,60.11510805354166
ExponentialSmoothing,158239,2019-01-01,2024-12-01,72,46.149403051101544,38.899018124032196,46.52022939157468
ExponentialSmoothing,158362,2019-01-01,2024-12-01,72,97.05727750197143,73.86849859603606,47.61336099956162
ExponentialSmoothing,158363,2019-01-01,2024-12-01,72,108.99156521867337,73.46722138414778,42.65913313706224
ExponentialSmoothing,158364,2019-01-01,2024-12-01,72,85.15496748104741,54.666249878096075,41.57763944057607
ExponentialSmoothing,158365,2019-01-01,2024-12-01,72,79.08544597603553,59.26767824860869,57.13539123830709
ExponentialSmoothing,158427,2018-08-01,2023-07-01,60,162.67110501621912,111.60516662543019,68.04111133425555
ExponentialSmoothing,158443,2018-04-01,2024-03-01,72,111.14516023148123,76.68791660103119,45.96134471591479
ExponentialSmoothing,158469,2019-01-01,2024-12-01,72,59.1479958889499,51.43959785719964,66.15513153803761
ExponentialSmoothing,158470,2019-01-01,2024-12-01,72,76.9867337536731,66.44894556002563,78.26981593225946
ExponentialSmoothing,158471,2019-01-01,2024-12-01,72,78.67114667064313,60.64501338351195,77.53402942912973
ExponentialSmoothing,158560,2018-04-01,2023-03-01,60,187.3040480535035,106.98089758192314,52.2039814411065
ExponentialSmoothing,158561,2018-02-01,2023-01-01,60,123.48728658330157,89.7925001972417,57.41211917198752
ExponentialSmoothing,158562,2019-01-01,2024-12-01,72,99.11250273908384,82.95305548943993,108.11680653629176
ExponentialSmoothing,158753,2019-01-01,2022-12-01,48,140.49804661503558,94.4425113692792,65.35745046035449
ExponentialSmoothing,158754,2018-10-01,2024-09-01,72,121.86920187245052,71.8682937158933,58.54547699227905
ExponentialSmoothing,158755,2019-01-01,2024-12-01,72,135.74882907157928,92.04597195183233,55.26904426501247
ExponentialSmoothing,158757,2018-04-01,2024-03-01,72,169.21342759782638,114.3806975327381,50.702402940043505
ExponentialSmoothing,158892,2019-01-01,2024-12-01,72,129.95222946083788,83.27347228138396,36.4721589745096
ExponentialSmoothing,158893,2019-01-01,2024-12-01,72,76.54844159957605,63.52630057449824,81.96389831795776
ExponentialSmoothing,158895,2018-07-01,2022-06-01,48,95.63302932267537,74.27387609042516,92.72575336282159
ExponentialSmoothing,158896,2019-01-01,2024-12-01,72,111.27791296171276,77.66871346188746,105.01528844504129
ExponentialSmoothing,158973,2019-01-01,2024-12-01,72,106.69170939194287,83.38689709590282,61.59801565944247
ExponentialSmoothing,158974,2018-11-01,2024-10-01,72,138.26411816153407,96.08522721561013,48.74969517122109
ExponentialSmoothing,158975,2019-01-01,2024-12-01,72,164.09976973688006,129.1102496236427,84.47418516695951
ExponentialSmoothing,159026,2018-11-01,2024-10-01,72,71.45944637353058,57.10343880533313,58.45116144873936
ExponentialSmoothing,159027,2019-01-01,2024-12-01,72,86.0638184917138,66.26874394840587,57.12580461706802
ExponentialSmoothing,159075,2018-10-01,2024-09-01,72,76.25277275579137,52.66388896054278,29.29841285921527
ExponentialSmoothing,159086,2019-01-01,2024-12-01,72,34.14291637424026,27.34269621600998,17.62790933618944
ExponentialSmoothing,159135,2019-02-01,2024-01-01,60,80.80834048831935,67.27338806667571,51.005880079294414
ExponentialSmoothing,159137,2019-01-01,2024-12-01,72,150.27474131758453,107.02140983787721,55.27244237856116
ExponentialSmoothing,159168,2019-01-01,2024-12-01,72,128.22674285648029,81.03260320479409,40.47302096468512
ExponentialSmoothing,159222,2018-11-01,2024-10-01,72,123.9944207686128,99.11986161198882,66.39093787988722
ExponentialSmoothing,159223,2019-02-01,2024-01-01,60,58.01532828748742,50.62667220973922,51.98358710969801
ExponentialSmoothing,159224,2019-03-01,2024-02-01,60,175.58536377751767,138.15279922283165,84.5568781045753
ExponentialSmoothing,159225,2019-01-01,2024-12-01,72,153.03912547321403,112.35972172556654,77.07608286795659
ExponentialSmoothing,159226,2018-12-01,2022-11-01,48,89.97690272711763,74.15651128078694,45.46334994216613
ExponentialSmoothing,159227,2018-12-01,2024-11-01,72,136.9689155031158,92.99513934465747,46.51223320114606
ExponentialSmoothing,159281,2018-11-01,2023-10-01,60,94.92570542177899,56.63800049962104,30.07936631779698
ExponentialSmoothing,159379,2018-09-01,2022-08-01,48,236.20997963687427,196.12020751980444,63.48703624236208
ExponentialSmoothing,159382,2019-01-01,2024-12-01,72,240.11809194581585,194.1415278184952,63.66019857866974
ExponentialSmoothing,159492,2019-01-01,2024-12-01,72,274.1867378317063,219.1006898538178,57.7008347591328
ExponentialSmoothing,159493,2018-10-01,2023-09-01,60,404.57265001876993,263.83089839240324,73.04271800261364
ExponentialSmoothing,159498,2019-01-01,2024-12-01,72,281.82435459805,208.69930590774035,50.02718009105135
ExponentialSmoothing,159499,2019-01-01,2024-12-01,72,177.6213767493013,124.14986133145788,43.81523559476115
ExponentialSmoothing,159500,2019-01-01,2024-12-01,72,395.77862206747005,264.80138914039566,57.92357925960126
ExponentialSmoothing,159527,2019-01-01,2024-12-01,72,94.15634980602458,50.71569458466436,39.47041358848449
ExponentialSmoothing,159580,2019-01-01,2024-12-01,72,276.6764616237241,185.01479472171079,66.80444537503539
ExponentialSmoothing,159582,2019-01-01,2024-12-01,72,291.0158770498993,180.83055466324916,82.32791556558487
ExponentialSmoothing,159583,2019-01-01,2024-12-01,72,368.03448357856917,221.97166606467215,90.59996242132615
ExponentialSmoothing,159584,2019-01-01,2024-12-01,72,150.49895786057363,94.51141975097516,44.529665556672384
ExponentialSmoothing,159590,2019-01-01,2024-12-01,72,182.39147996132118,127.29482390859286,62.17707693434929
ExponentialSmoothing,159607,2019-01-01,2024-12-01,72,63.08512840590798,32.537222353381416,39.32597341750261
ExponentialSmoothing,159619,2019-01-01,2024-12-01,72,90.59990875898333,52.53388859426809,35.5055386154369
ExponentialSmoothing,159709,2019-01-01,2024-12-01,72,268.91895957406587,156.30972229221624,38.50899783587346
ExponentialSmoothing,159710,2018-12-01,2024-11-01,72,252.08200777742553,149.37986026745287,84.98044604992415
ExponentialSmoothing,159711,2019-01-01,2024-12-01,72,183.9182889378245,115.48013935795676,45.8935818972453
ExponentialSmoothing,159837,2019-05-01,2023-04-01,48,77.94784911507801,56.299699068635825,66.79576934172825
ExponentialSmoothing,159838,2019-07-01,2023-06-01,48,106.9116665118699,75.89083302077528,126.25707408343158
ExponentialSmoothing,159840,2019-01-01,2024-12-01,72,103.79165289013892,71.29999937935006,66.71432772074718
ExponentialSmoothing,159841,2019-01-01,2024-12-01,72,155.2644789690012,115.57916571795027,70.1769031150575
ExponentialSmoothing,159842,2019-01-01,2024-12-01,72,168.13019757390455,118.46055487469665,77.79361442194903
ExponentialSmoothing,159843,2019-01-01,2024-12-01,72,228.3014943953078,138.11916507002377,71.73030316555656
ExponentialSmoothing,159847,2019-12-01,2024-11-01,60,61.2486818927705,40.94949971934159,68.18158705226918
ExponentialSmoothing,159848,2019-01-01,2024-12-01,72,293.77179391642557,238.13305474203904,43.895435781175216
ExponentialSmoothing,159942,2020-01-01,2024-12-01,60,86.23816468429114,71.48648791814065,37.51028471301595
ExponentialSmoothing,159983,2019-06-01,2024-05-01,60,284.668457610723,230.92099984177452,79.37152836560468
ExponentialSmoothing,159984,2020-01-01,2024-12-01,60,124.96109549892415,93.6671666792184,41.657850243629916
ExponentialSmoothing,159989,2020-01-01,2024-12-01,60,144.06939475605847,115.71112037654659,62.3744953778106
ExponentialSmoothing,160049,2020-01-01,2024-12-01,60,256.94280346598606,171.51768170861084,66.06130798143076
ExponentialSmoothing,160050,2020-01-01,2024-12-01,60,192.25838245573357,142.5829996887098,47.393489507730614
ExponentialSmoothing,160054,2019-09-01,2024-08-01,60,187.30058293581268,144.61233303645253,84.76574466389744
ExponentialSmoothing,160055,2020-01-01,2024-12-01,60,103.32814950519352,75.36849942762655,71.03165867283681
ExponentialSmoothing,160056,2020-01-01,2024-12-01,60,199.80325048961416,147.1081660454919,75.34345290947664
ExponentialSmoothing,160057,2019-12-01,2024-11-01,60,139.40740098443166,94.61233402006329,68.61880398050742
ExponentialSmoothing,160148,2019-12-01,2024-11-01,60,102.73622200463612,70.99216675275069,78.06115806020021
ExponentialSmoothing,160149,2020-01-01,2024-12-01,60,290.64445679459993,214.28319832754894,68.60225932315007
ExponentialSmoothing,160164,2020-01-01,2024-12-01,60,64.44762936400811,50.00150045563281,25.33193901326855
ExponentialSmoothing,160208,2020-01-01,2024-12-01,60,138.23194064908157,88.91325465304291,37.39668858589503
ExponentialSmoothing,160209,2020-01-01,2024-12-01,60,211.08347691940864,123.3300795943035,31.475305353321655
ExponentialSmoothing,160210,2020-01-01,2024-12-01,60,180.86088569677247,99.70116596394587,49.5796214190139
ExponentialSmoothing,160211,2020-01-01,2024-12-01,60,212.3872366650153,133.23059954085772,40.83249247345496
ExponentialSmoothing,160332,2020-01-01,2024-12-01,60,99.06274287643642,67.85816644297539,21.48005295699812
ExponentialSmoothing,160333,2019-10-01,2024-09-01,60,233.60697922058307,149.1376668822616,57.30076706466032
ExponentialSmoothing,160334,2020-01-01,2024-12-01,60,164.23713803601683,133.73591129178297,74.20076556580334
ExponentialSmoothing,160335,2020-01-01,2024-12-01,60,278.39055033035197,186.46874253887958,53.99145574934686
ExponentialSmoothing,160344,2020-01-01,2024-12-01,60,144.04026758023727,98.25098486193819,65.40336413222411
ExponentialSmoothing,160345,2020-01-01,2024-12-01,60,128.7765732305703,95.75288463120431,70.18803258650651
ExponentialSmoothing,160346,2020-01-01,2024-12-01,60,147.60435672582514,113.91853118346732,79.478317245321
ExponentialSmoothing,160430,2020-01-01,2024-12-01,60,150.91791850525706,122.76716605098049,94.42827265276868
ExponentialSmoothing,160431,2020-01-01,2024-12-01,60,89.15049203956613,65.49051381872627,68.0507127341128
ExponentialSmoothing,160432,2019-09-01,2024-08-01,60,171.54470602502596,121.5666668557872,48.25201761736003
ExponentialSmoothing,160433,2020-01-01,2024-12-01,60,152.06535865360294,119.8513326513668,42.99796301591004
ExponentialSmoothing,160434,2020-01-01,2024-12-01,60,88.76132096637883,71.64033309493956,57.57643086577353
ExponentialSmoothing,160435,2020-01-01,2024-12-01,60,183.61653009857974,137.0411670428465,50.049658288763446
ExponentialSmoothing,160436,2019-10-01,2024-09-01,60,319.53098630253305,253.2823333785683,68.86619628634799
ExponentialSmoothing,160437,2020-01-01,2024-12-01,60,153.9889701420765,117.11426330953391,72.9143969488141
ExponentialSmoothing,160447,2020-01-01,2024-12-01,60,47.620131383501196,33.399666742553315,31.540770894922282
ExponentialSmoothing,160455,2020-01-01,2024-12-01,60,67.52174763516005,48.503166772926846,40.73845660943243
ExponentialSmoothing,160520,2020-01-01,2024-12-01,60,174.99834656252978,111.22883392032483,50.67153808822568
ExponentialSmoothing,160571,2020-01-01,2024-12-01,60,238.976727789357,142.67033330872158,40.914295875190525
ExponentialSmoothing,160572,2020-01-01,2024-12-01,60,323.52359857122633,200.83337585175636,45.23434113409908
ExponentialSmoothing,160574,2020-01-01,2024-12-01,60,229.88371553717985,156.4811059648905,52.7324347651827
ExponentialSmoothing,160575,2020-08-01,2024-07-01,48,131.1426090760961,83.28188862219481,33.72413572809355
ExponentialSmoothing,160692,2020-01-01,2024-12-01,60,244.75879432642998,160.92033306654292,77.29387029935357
ExponentialSmoothing,160693,2020-01-01,2024-12-01,60,469.3137700084824,322.8414994933059,54.09177587398766
ExponentialSmoothing,160694,2020-01-01,2024-12-01,60,460.585507595927,338.3901832708595,53.92678756136994
ExponentialSmoothing,160755,2019-12-01,2023-11-01,48,211.92428548868378,152.90085850732368,48.10263690601683
ExponentialSmoothing,160786,2020-01-01,2024-12-01,60,154.29965057566707,121.70566665945448,70.99572176946621
ExponentialSmoothing,160789,2020-01-01,2024-12-01,60,125.46385727506271,84.83366671224933,27.683995495696248
ExponentialSmoothing,160854,2020-01-01,2024-12-01,60,261.3291742571598,197.5713922052338,51.72865574234395
ExponentialSmoothing,160855,2020-01-01,2024-12-01,60,155.8286626518681,115.44316693756483,100.21457747581051
ExponentialSmoothing,160856,2020-01-01,2024-12-01,60,158.37944339788615,102.91050004506609,47.0115350581927
ExponentialSmoothing,160865,2020-01-01,2024-12-01,60,217.0337554548617,169.29665763947506,63.249271214618965
ExponentialSmoothing,160866,2019-10-01,2024-09-01,60,351.486186700633,193.55766558108226,82.36089780869219
ExponentialSmoothing,160885,2020-01-01,2024-12-01,60,154.5349921512366,124.36783266979454,44.51321384352684
ExponentialSmoothing,160886,2020-01-01,2024-12-01,60,153.49576704917715,122.84283319464326,30.08697938479264
ExponentialSmoothing,160897,2020-01-01,2024-12-01,60,58.29745454150194,36.67250014536581,32.12480240825885
ExponentialSmoothing,160909,2020-01-01,2024-12-01,60,76.43864589658614,59.166699406760785,49.26816511847543
ExponentialSmoothing,160911,2020-01-01,2024-12-01,60,125.96333853612212,77.39639586001267,24.379781694320226
ExponentialSmoothing,160925,2019-11-01,2024-10-01,60,210.31498163539644,117.3464995501687,32.350480171109886
ExponentialSmoothing,160926,2020-01-01,2024-12-01,60,112.01770501132407,83.67995870485538,47.542128452011724
ExponentialSmoothing,160927,2020-01-01,2024-12-01,60,234.67400044720387,159.54083326720692,46.93330718186931
ExponentialSmoothing,160928,2020-01-01,2024-12-01,60,307.31151794778845,226.3251662304153,59.27712045628756
ExponentialSmoothing,160930,2019-12-01,2024-11-01,60,136.20732575538915,98.34783409365514,33.51425446178288
ExponentialSmoothing,160932,2020-01-01,2024-12-01,60,314.9571085988861,232.38666664270562,38.45733372166401
ExponentialSmoothing,161222,2020-01-01,2024-12-01,60,198.09947174081557,120.74350037188827,31.33243990486495
ExponentialSmoothing,161223,2020-01-01,2024-12-01,60,191.0420510658152,142.9524452929437,50.13758957387268
ExponentialSmoothing,161229,2020-01-01,2024-12-01,60,157.41513068649087,106.51128213687848,34.341667052852905
ExponentialSmoothing,161253,2020-01-01,2024-12-01,60,321.57318344329116,227.81233351909123,53.96142632202626
ExponentialSmoothing,161254,2020-01-01,2024-12-01,60,128.23532104807597,99.1128074790285,55.205152189389835
ExponentialSmoothing,161255,2020-01-01,2024-12-01,60,220.93393204192495,132.77966662599144,60.320903923824226
ExponentialSmoothing,161256,2020-01-01,2024-12-01,60,162.4143333528834,105.32566601704556,51.70085533721437
ExponentialSmoothing,161364,2020-01-01,2024-12-01,60,184.22528753578197,149.50988543265882,54.07090725078528
ExponentialSmoothing,161365,2020-01-01,2024-12-01,60,189.17585240163484,139.9344995672206,45.913375913497326
ExponentialSmoothing,161366,2020-01-01,2024-12-01,60,241.79795926482458,168.19016532206032,84.42057723129992
ExponentialSmoothing,161367,2020-07-01,2024-06-01,48,82.85864596147279,68.54687488413727,57.676169482090025
ExponentialSmoothing,161368,2020-01-01,2024-12-01,60,302.81796974050405,215.67516472790632,51.44559141399472
ExponentialSmoothing,161369,2020-01-01,2024-12-01,60,282.85292155102604,192.0624986515591,47.11435719287886
ExponentialSmoothing,161370,2020-01-01,2024-12-01,60,362.70927472270387,206.71799788317085,46.02640289910743
ExponentialSmoothing,161371,2020-01-01,2024-12-01,60,119.51394284842195,93.13237543001857,50.897299200707295
ExponentialSmoothing,161372,2020-01-01,2024-12-01,60,164.5986106477576,119.4036653608222,68.86792919994458
ExponentialSmoothing,161373,2020-01-01,2024-12-01,60,273.953513398433,193.17916625434654,67.79269851641935
ExponentialSmoothing,161374,2020-11-01,2024-10-01,48,124.29888119096718,101.6935411596174,58.58980363602169
ExponentialSmoothing,161421,2021-01-01,2024-12-01,48,215.47932619560873,152.63182475296938,38.346783467977225
ExponentialSmoothing,161422,2021-01-01,2024-12-01,48,65.62875882022267,43.59500044678026,25.66885892575739
ExponentialSmoothing,161423,2021-01-01,2024-12-01,48,95.38821777349953,69.41666692705824,45.06384409555616
ExponentialSmoothing,161424,2021-01-01,2024-12-01,48,186.95064578781037,141.87854160967592,49.25440709329257
ExponentialSmoothing,161425,2021-01-01,2024-12-01,48,308.6458897986412,249.32749900322403,93.69479757334443
ExponentialSmoothing,161451,2021-01-01,2024-12-01,48,149.99963601851545,109.65991714564086,25.306629947455523
ExponentialSmoothing,161483,2021-01-01,2024-12-01,48,63.264393160909165,52.581250023022285,24.179496253178034
ExponentialSmoothing,161485,2021-01-01,2024-12-01,48,38.180795357788384,31.50311919131711,23.628290225674505
ExponentialSmoothing,161514,2021-01-01,2024-12-01,48,101.74084675715812,82.62060008460304,47.73597975097834
ExponentialSmoothing,161515,2021-01-01,2024-12-01,48,271.77479800311863,229.31916685301815,91.53166871229688
ExponentialSmoothing,161516,2021-01-01,2024-12-01,48,137.78803018958305,108.42777543675969,47.489403837061424
ExponentialSmoothing,161532,2021-01-01,2024-12-01,48,137.5605704622548,113.43624437766454,76.37755463031088
ExponentialSmoothing,161577,2021-01-01,2024-12-01,48,82.70407628978165,66.53619754388507,24.611363359740864
ExponentialSmoothing,161581,2021-01-01,2024-12-01,48,54.268709708966675,46.5287588481238,21.981069349915888
ExponentialSmoothing,161582,2021-01-01,2024-12-01,48,252.63292732043195,188.74499447745166,48.11373513010625
ExponentialSmoothing,161583,2021-01-01,2024-12-01,48,140.30661584259195,111.02520301053953,35.73950841333913
ExponentialSmoothing,161584,2021-01-01,2024-12-01,48,217.82034565860542,166.86484604867783,42.12417289642403
ExponentialSmoothing,161585,2021-01-01,2024-12-01,48,140.85017039716408,111.2387824422746,47.280555822623285
ExponentialSmoothing,161604,2021-01-01,2024-12-01,48,115.81515511370353,80.52937428059057,45.294854383271236
ExponentialSmoothing,161605,2021-01-01,2024-12-01,48,333.6956767293267,204.71554419506387,42.12352178880763
ExponentialSmoothing,161606,2021-01-01,2024-12-01,48,315.531962595495,186.84989872010738,60.18822070160517
ExponentialSmoothing,161607,2021-01-01,2024-12-01,48,192.13603394754108,141.74808549330206,48.72297119461888
ExponentialSmoothing,161608,2021-01-01,2024-12-01,48,330.14245733190666,242.71937396192922,59.86843627193171
ExponentialSmoothing,161641,2021-01-01,2024-12-01,48,84.45129341777385,67.3893749054149,27.57279321648763
ExponentialSmoothing,161654,2021-01-01,2024-12-01,48,128.53143679871098,101.46909340700533,29.921780313944968
ExponentialSmoothing,161685,2021-01-01,2024-12-01,48,190.1225901838464,154.01241197876126,64.12162370256372
ExponentialSmoothing,161686,2021-01-01,2024-12-01,48,194.57656977364786,137.861485801124,54.6855616550044
ExponentialSmoothing,161687,2021-01-01,2024-12-01,48,262.77637353349235,225.66161689599565,94.14164654646204
ExponentialSmoothing,161688,2021-01-01,2024-12-01,48,234.77825522346606,183.85624906503904,52.289658628216024
ExponentialSmoothing,161689,2021-01-01,2024-12-01,48,126.63295628536689,95.8508328250299,50.004401156189545
ExponentialSmoothing,161690,2021-01-01,2024-12-01,48,222.3196370130413,153.56979199743517,36.16288154912306
ExponentialSmoothing,161691,2021-01-01,2024-12-01,48,217.09081489265117,148.1677082754237,48.744339410125384
ExponentialSmoothing,161692,2021-01-01,2024-12-01,48,86.01542336912304,57.041249683207525,36.09758431298297
ExponentialSmoothing,161704,2021-01-01,2024-12-01,48,184.9264159339357,140.43122870179084,64.51831397762014
ExponentialSmoothing,161705,2021-01-01,2024-12-01,48,144.1839054245052,102.48208332221954,61.383338997386346
ExponentialSmoothing,161706,2021-01-01,2024-12-01,48,139.0469242611779,119.33270791190985,63.730956363617395
ExponentialSmoothing,161707,2021-01-01,2024-12-01,48,96.20326892750884,72.94333312506477,71.0946643640433
ExponentialSmoothing,161721,2021-01-01,2024-12-01,48,222.72005221693922,183.44270820490397,56.447902568967066
ExponentialSmoothing,161722,2021-01-01,2024-12-01,48,200.37422850200895,151.27682224599957,52.54715695666843
ExponentialSmoothing,161723,2021-01-01,2024-12-01,48,88.7114197916695,69.98003797642188,46.789402829452406
ExponentialSmoothing,161774,2021-01-01,2024-12-01,48,154.6893749638546,111.06150395479943,24.20477487026248
ExponentialSmoothing,161844,2021-01-01,2024-12-01,48,217.78014779810508,137.82833382851138,61.60603019969944
ExponentialSmoothing,161846,2021-01-01,2024-12-01,48,361.1316108073261,281.1885715486704,72.81269948909136
ExponentialSmoothing,161847,2021-01-01,2024-12-01,48,302.56587369834097,212.02917778678489,67.83182274782708
ExponentialSmoothing,161865,2021-01-01,2024-12-01,48,285.4145169936096,185.6991659177777,34.27339312524979
ExponentialSmoothing,161866,2021-01-01,2024-12-01,48,493.76175040126026,357.65104025577506,45.53687829474436
ExponentialSmoothing,161867,2021-01-01,2024-12-01,48,429.4759036925244,243.50416589821376,32.950142069994264
ExponentialSmoothing,161868,2021-01-01,2024-12-01,48,388.7964896030227,279.2205618405716,37.364130930047054
ExponentialSmoothing,161915,2021-01-01,2024-12-01,48,286.58673178798756,208.73499785599606,93.6259548462836
ExponentialSmoothing,161916,2021-01-01,2024-12-01,48,260.72736884111464,176.95020657921827,59.720858505865145
ExponentialSmoothing,161917,2022-01-01,2024-12-01,36,77.06819357072399,62.665074787731605,55.0509513373209
ExponentialSmoothing,161918,2021-01-01,2024-12-01,48,242.56681668997123,195.64041474150488,76.95241546482235
ExponentialSmoothing,161932,2022-01-01,2024-12-01,36,103.33044582821964,81.35388841567767,38.145127388181045
ExponentialSmoothing,161933,2022-01-01,2024-12-01,36,177.5859445779618,140.43140626512994,38.835567464606605
ExponentialSmoothing,161934,2022-01-01,2024-12-01,36,138.03811318928305,101.94777699857121,36.038506532705895
ExponentialSmoothing,161935,2022-01-01,2024-12-01,36,146.24953785572174,122.41783156660738,39.818314112839225
ExponentialSmoothing,161948,2022-01-01,2024-12-01,36,175.1557253339082,128.27861172001394,50.49945176115746
ExponentialSmoothing,161949,2022-01-01,2024-12-01,36,147.34301835766422,118.19055514387784,34.44818275762051
ExponentialSmoothing,161950,2022-01-01,2024-12-01,36,170.37092088334649,134.36722139764163,46.47434575802148
ExponentialSmoothing,161951,2022-01-01,2024-12-01,36,177.86338873423242,135.7297196003129,29.357929572275552
ExponentialSmoothing,161953,2022-01-01,2024-12-01,36,125.48743486735277,90.78333306095666,47.01783189117469
ExponentialSmoothing,161954,2022-01-01,2024-12-01,36,148.24905079420398,102.72027696374393,45.782932121883604
ExponentialSmoothing,161955,2022-01-01,2024-12-01,36,142.07744938046807,100.28583310373129,48.48069401657747
ExponentialSmoothing,162001,2022-01-01,2024-12-01,36,140.51340445164757,116.77444428859485,18.24214252084622
ExponentialSmoothing,162024,2022-01-01,2024-12-01,36,243.27600232880138,214.21277553612993,57.705637843035234
ExponentialSmoothing,162025,2022-01-01,2024-12-01,36,159.3203735607827,139.86706444512944,64.40884796811302
ExponentialSmoothing,162026,2022-01-01,2024-12-01,36,223.44640067250583,190.74555749790534,60.0985104199348
ExponentialSmoothing,162027,2022-01-01,2024-12-01,36,200.91598100764514,155.92968593519694,59.86328769085483
ExponentialSmoothing,162028,2022-01-01,2024-12-01,36,299.6016688796422,220.68416740424098,50.81430268540678
ExponentialSmoothing,162029,2022-01-01,2024-12-01,36,99.72799989218586,79.60966633990523,50.31949254004023
ExponentialSmoothing,162030,2022-01-01,2024-12-01,36,213.9955617680904,175.6545374067815,48.35159823071597
ExponentialSmoothing,162080,2022-01-01,2024-12-01,36,216.97364888410652,178.39993731545852,57.87016013200244
ExponentialSmoothing,162081,2022-01-01,2024-12-01,36,134.53469761255525,111.08055549000699,42.45155728061795
ExponentialSmoothing,162082,2022-01-01,2024-12-01,36,133.64157523341666,103.69222192195554,45.49123425724755
ExponentialSmoothing,162083,2022-01-01,2024-12-01,36,83.50408514592618,69.18944425002569,39.91884808801091
ExponentialSmoothing,162085,2022-01-01,2024-12-01,36,156.8486364362198,121.28444441553617,57.98296846840415
Theta,156320,2019-01-01,2024-12-01,72,85.99636014659913,51.156956933852975,92.58013360907394
Theta,156332,2018-02-01,2022-01-01,48,73.94070590157551,53.42156009067884,137.2377165169945
Theta,156333,2019-01-01,2024-12-01,72,48.12420709480688,37.29437828576275,105.11961541607752
Theta,156334,2018-07-01,2023-06-01,60,55.450575444610166,43.99060705532811,82.676513870846
Theta,156335,2018-08-01,2024-07-01,72,50.3695716997528,36.97750311316265,72.87822467525862
Theta,156336,2018-11-01,2024-10-01,72,46.907738721883646,34.19656943978902,75.87449531693422
Theta,156338,2019-01-01,2024-12-01,72,68.19599053151985,49.090381687227705,126.54355306327746
Theta,156339,2018-03-01,2023-02-01,60,123.41507423521338,108.11335444124246,87.39585943199458
Theta,156473,2019-01-01,2024-12-01,72,41.742952736466435,31.97005897390179,66.10142710940433
Theta,156475,2018-09-01,2023-08-01,60,97.31057031525121,73.69106071910684,80.62811503294628
Theta,156488,2019-01-01,2024-12-01,72,61.69718057924688,47.60842843152844,81.41525213714104
Theta,156490,2019-01-01,2024-12-01,72,50.48462763161052,39.808831765658724,75.89802393728564
Theta,156491,2018-06-01,2022-05-01,48,52.670315500458265,41.0399712802383,85.62512678076159
Theta,156492,2019-01-01,2022-12-01,48,50.86877900883919,40.76329692671118,115.46600682474498
Theta,156493,2018-12-01,2021-11-01,36,41.39527845734163,31.95480143081105,59.76858280942228
Theta,156550,2019-01-01,2024-12-01,72,79.79854778279204,60.74999743180326,71.00378456925002
Theta,156553,2018-10-01,2022-09-01,48,87.26199517023754,69.30426375714897,96.13227730739554
Theta,156554,2018-10-01,2023-09-01,60,105.5897816986562,85.31164679913867,99.18578192201356
Theta,156555,2019-01-01,2024-12-01,72,77.28572687830538,59.305912893255964,68.80399676170242
Theta,156697,2019-01-01,2024-12-01,72,159.98130204620568,126.84833035471037,101.46807657951267
Theta,156707,2018-06-01,2022-05-01,48,98.62801043298639,87.7632381353166,78.90729584951576
Theta,156709,2019-01-01,2024-12-01,72,61.60372870635295,50.382899429878826,70.26790125987637
Theta,156710,2018-06-01,2022-05-01,48,129.44577684036312,93.06128258098171,42.74885707256046
Theta,156751,2018-06-01,2023-05-01,60,64.57655521957936,49.678073591960846,133.23839301421776
Theta,156756,2019-01-01,2024-12-01,72,73.97692905163812,58.087974445734616,115.90059595038419
Theta,156757,2018-09-01,2022-08-01,48,70.88889790852288,56.7376061891056,88.96570880263427
Theta,156758,2018-06-01,2022-05-01,48,76.80930374588614,60.075117782157314,101.49151956269468
Theta,156760,2019-02-01,2022-01-01,36,61.65329004800911,44.1930118642223,99.2518900538271
Theta,156761,2018-11-01,2022-10-01,48,63.79847794939949,47.229819372381144,102.25236804884427
Theta,156873,2018-08-01,2022-07-01,48,78.82789183180455,62.165689664453545,81.06378597783707
Theta,156874,2018-07-01,2024-06-01,72,47.14904947494432,36.35028388280937,107.95223855342175
Theta,156875,2019-01-01,2023-12-01,60,58.31517291427867,42.4057776390837,94.32550132288134
Theta,156968,2019-01-01,2024-12-01,72,69.89224073326112,53.770833344433484,50.227230788824954
Theta,156969,2018-11-01,2022-10-01,48,91.10983965748656,70.55533636788778,88.73438670793394
Theta,156970,2018-11-01,2024-10-01,72,78.40743993848912,56.300587812604945,110.60562247082778
Theta,156971,2019-01-01,2024-12-01,72,109.07461584680978,81.07819581069961,124.84220328754971
Theta,156972,2019-01-01,2024-12-01,72,77.2276430456198,59.10159328622386,96.59393998733286
Theta,156973,2018-08-01,2022-07-01,48,35.75502666800491,30.87299532288415,152.25286976497844
Theta,157109,2019-01-01,2024-12-01,72,126.80699477890181,100.62557243785872,108.06673763888446
Theta,157111,2019-01-01,2024-12-01,72,108.2029640443827,89.16001776248373,110.35188376806735
Theta,157112,2018-12-01,2022-11-01,48,57.833976288073096,43.55052577254795,109.56150039292224
Theta,157113,2019-03-01,2023-02-01,48,71.46441681609184,56.9835461861996,103.36701722779178
Theta,157114,2018-12-01,2021-11-01,36,54.47868050363907,41.26264350665218,56.99151203744927
Theta,157190,2018-11-01,2022-10-01,48,88.25632586845566,75.51946230542036,68.97906004529072
Theta,157191,2018-12-01,2022-11-01,48,71.71678582889287,58.583790225416806,105.86637488695287
Theta,157329,2019-03-01,2022-02-01,36,75.29032056772435,60.42045491658823,151.16664817294497
Theta,157330,2019-08-01,2021-07-01,24,54.01528523632411,44.67379333836854,96.9227628978335
Theta,157332,2019-01-01,2024-12-01,72,66.78771576079738,52.94964523207306,145.07201464183126
Theta,157333,2019-01-01,2024-12-01,72,58.97992560108374,41.1981801532287,117.27963081227765
Theta,157334,2019-03-01,2022-02-01,36,70.85515027215223,54.59117456371442,160.3429092768084
Theta,157335,2019-01-01,2024-12-01,72,49.26003517666992,40.93382455000649,76.22520591095336
Theta,157336,2019-03-01,2022-02-01,36,33.87825901151835,25.1858592590541,59.5208760742529
Theta,157861,2020-01-01,2024-12-01,60,100.4846652132097,89.18034840416193,81.37442813986983
Theta,157863,2020-01-01,2024-12-01,60,82.69587995011048,70.29992744147445,120.1505294797161
Theta,157873,2019-08-01,2021-07-01,24,49.78052801905274,40.41273066988718,93.9553456912053
Theta,157874,2020-01-01,2024-12-01,60,72.62048657288555,56.687198341013485,83.70739313148667
Theta,157875,2019-03-01,2023-02-01,48,70.11225431312995,50.0312471342223,92.39977548515891
Theta,157876,2019-03-01,2023-02-01,48,70.57822901732024,56.3602261884843,106.78262593533152
Theta,157972,2020-01-01,2021-12-01,24,57.836238145066616,42.22816598747297,89.07465104946458
Theta,157977,2019-04-01,2023-03-01,48,74.77334240366672,61.440964372928725,101.63545071583808
Theta,157978,2019-10-01,2023-09-01,48,47.994122735147805,39.86890242054621,122.31285980582402
Theta,157986,2019-09-01,2022-08-01,36,120.19352395692448,83.28355248816669,95.9818900226615
Theta,158041,2020-01-01,2024-12-01,60,76.8699855895805,63.50452485690698,81.51620850875643
Theta,158042,2019-09-01,2023-08-01,48,92.71186172565895,67.81184025096194,100.7964853695958
Theta,158043,2020-01-01,2024-12-01,60,54.172742790181175,43.44169308733422,129.7055108350918
Theta,158044,2020-01-01,2024-12-01,60,81.48871855256402,64.31403280463306,106.8525664065373
Theta,158045,2020-01-01,2024-12-01,60,50.450974179776814,39.172283403408194,84.87597160869905
Theta,158046,2020-02-01,2022-01-01,24,47.32561724129649,37.44207707870323,90.22992899869992
Theta,158080,2020-01-01,2024-12-01,60,111.29101930669123,90.55706106389185,133.89052043174007
Theta,158148,2020-01-01,2021-12-01,24,30.583015651373064,26.068628135931302,46.481858326982355
Theta,158149,2020-02-01,2022-01-01,24,34.29723969380549,25.375896042321163,52.80138567793074
Theta,158150,2019-06-01,2022-05-01,36,61.68576863706901,48.09558032037491,98.68418962643196
Theta,158151,2019-06-01,2024-05-01,60,59.18051999526834,48.10888939426975,137.4257068412584
Theta,158152,2020-02-01,2024-01-01,48,42.667309709425055,36.385202134162355,79.5445270266376
Theta,158171,2020-01-01,2024-12-01,60,16.095273044982424,11.568371981366601,26.331855580674237
Theta,158238,2020-01-01,2024-12-01,60,95.5536502662039,77.46969915368943,77.73366136459639
Theta,158239,2020-01-01,2024-12-01,60,86.13853784201787,66.32962205472296,81.3038341912432
Theta,158362,2020-01-01,2024-12-01,60,92.08530749973129,74.71805735770785,50.36385038991207
Theta,158363,2020-01-01,2024-12-01,60,108.7863022842091,84.40966627423433,82.8719678398349
Theta,158364,2020-01-01,2024-12-01,60,123.60089565159366,99.18871790561053,134.79184453767104
Theta,158365,2020-01-01,2024-12-01,60,96.38531963138121,71.09744539873533,70.75468838208992
Theta,158427,2020-08-01,2023-07-01,36,101.83356238925711,77.45813954077842,142.2362857040696
Theta,158443,2020-04-01,2024-03-01,48,81.4968605860225,64.50888834112565,82.62583368626379
Theta,158469,2020-01-01,2024-12-01,60,100.21470458669235,78.83946094264282,119.72855334164657
Theta,158470,2020-01-01,2024-12-01,60,118.73408095391245,91.2074386618543,114.37133482090243
Theta,158471,2020-01-01,2024-12-01,60,123.02158700996794,96.78519401487665,140.4105115093785
Theta,158560,2020-04-01,2023-03-01,36,100.74894715323138,74.14473500366512,112.3604085624235
Theta,158561,2020-02-01,2023-01-01,36,99.45786046841694,80.03900791343456,118.54544372677206
Theta,158562,2020-01-01,2024-12-01,60,132.20794521514648,115.12883408758411,173.78983227508317
Theta,158753,2020-01-01,2022-12-01,36,81.82946030940238,66.07221675992167,66.98249390231463
Theta,158754,2020-10-01,2024-09-01,48,85.44247318133523,64.24620297547648,112.20501951776481
Theta,158755,2020-01-01,2024-12-01,60,174.60001163674005,144.09119235783604,83.7087517654764
Theta,158757,2020-04-01,2024-03-01,48,142.5539199856021,106.75275463468869,89.23129017638263
Theta,158892,2020-01-01,2024-12-01,60,154.02321756178748,105.9713076111766,82.04016604472118
Theta,158893,2021-01-01,2024-12-01,48,85.1182850630704,73.96357223208103,108.36876437213148
Theta,158895,2020-07-01,2022-06-01,24,92.40751627998877,75.71517089501789,142.51935029574653
Theta,158896,2021-01-01,2024-12-01,48,71.23821845037904,49.808366868394124,111.67386962066259
Theta,158973,2021-01-01,2024-12-01,48,89.99222400305848,72.54984309252222,94.34453593759254
Theta,158974,2020-11-01,2024-10-01,48,81.05321415462213,64.06919844857234,83.69654741761848
Theta,158975,2021-01-01,2024-12-01,48,179.0395615166436,132.0542829207326,111.1368510491351
Theta,159026,2020-11-01,2024-10-01,48,75.1844736723001,62.04872736274484,93.43047771858528
Theta,159027,2021-01-01,2024-12-01,48,68.06592110258258,51.728606752132386,91.32927187482392
Theta,159075,2020-10-01,2024-09-01,48,74.79959441571368,45.98322873810815,44.29302926164644
Theta,159086,2021-01-01,2024-12-01,48,28.094025504721856,22.673406794895982,21.875652065094055
Theta,159135,2021-02-01,2024-01-01,36,74.00309050523782,56.572170736252524,63.48045589409307
Theta,159137,2021-01-01,2024-12-01,48,88.20401622529715,70.47341201265725,76.00497629563519
Theta,159168,2021-01-01,2024-12-01,48,90.89767250089015,72.85355496782421,76.13161411136723
Theta,159222,2020-11-01,2024-10-01,48,121.34367264161709,101.70991596388059,109.25963957111516
Theta,159223,2021-02-01,2024-01-01,36,26.788211118389714,21.62058647989747,45.03368679880333
Theta,159224,2021-03-01,2024-02-01,36,170.43368080004214,137.34305382731196,108.90594341507196
Theta,159225,2021-01-01,2024-12-01,48,117.97262727223074,91.28065083490849,102.3305934189613
Theta,159226,2020-12-01,2022-11-01,24,75.33670956386176,63.95876944001924,61.810911757011866
Theta,159227,2020-12-01,2024-11-01,48,106.15913700853781,82.18211755614827,71.19795297793237
Theta,159281,2020-11-01,2023-10-01,36,70.51573976737227,56.80678809504727,69.29219868584767
Theta,159379,2020-09-01,2022-08-01,24,143.86073187019966,115.71481311276129,84.80986049294002
Theta,159382,2021-01-01,2024-12-01,48,304.9355885781641,244.54273803851189,108.08213869206459
Theta,159492,2021-01-01,2024-12-01,48,200.06546919222134,158.0791617368155,63.637883880414925
Theta,159493,2020-10-01,2023-09-01,36,259.79392728128386,216.11994991930482,166.89883435819448
Theta,159498,2021-01-01,2024-12-01,48,219.92644436674365,159.1899681279269,68.74454525269356
Theta,159499,2021-01-01,2024-12-01,48,150.95755736982082,114.21134206727243,81.3387170513653
Theta,159500,2021-01-01,2024-12-01,48,419.991058543303,276.57482956896007,106.13770098590112
Theta,159527,2021-01-01,2024-12-01,48,82.89245877218384,60.85218288767751,146.20538819100997
Theta,159580,2021-01-01,2024-12-01,48,119.9379149052382,99.82214706760908,106.5205690488574
Theta,159582,2021-01-01,2024-12-01,48,114.94253816735944,93.73244849629116,93.34347257339397
Theta,159583,2021-01-01,2024-12-01,48,197.50063334825833,152.7195644053937,125.54981732062316
Theta,159584,2021-01-01,2024-12-01,48,76.59690063576913,57.87159905962824,76.33302947561295
Theta,159590,2021-01-01,2024-12-01,48,118.89009880609514,98.48433523167584,97.7632498287475
Theta,159607,2021-01-01,2024-12-01,48,46.36419090769873,35.36204474376232,141.8584011680774
Theta,159619,2021-01-01,2024-12-01,48,71.71689099505427,57.734165167248385,157.21654695896228
Theta,159709,2021-01-01,2024-12-01,48,178.77018891600628,146.33787467670854,127.42941618760658
Theta,159710,2020-12-01,2024-11-01,48,165.5777903791242,140.60628019161973,180.84655643787968
Theta,159711,2021-01-01,2024-12-01,48,128.29740027450666,107.39723205758986,120.29979641448243
Theta,159837,2021-05-01,2023-04-01,24,56.65011403551039,46.80617295064523,120.31827327388139
Theta,159838,2021-07-01,2023-06-01,24,56.81831093808816,48.91265416156381,145.64498848833068
Theta,159840,2021-01-01,2024-12-01,48,86.19620229709633,63.18894387932778,105.3952603859499
Theta,159841,2021-01-01,2024-12-01,48,137.25638437416916,107.32990702383819,92.8418468133445
Theta,159842,2021-01-01,2024-12-01,48,129.94748392748826,98.62080864447347,111.27178101474645
Theta,159843,2021-01-01,2024-12-01,48,190.9088449270521,153.67927927699324,161.9604528906083
Theta,159847,2020-12-01,2024-11-01,48,112.99681614303428,84.82106179030417,122.32015836433224
Theta,159848,2021-01-01,2024-12-01,48,275.06706619064647,230.72872552722563,66.12985291877531
Theta,159942,2021-01-01,2024-12-01,48,143.99851426853323,110.7788442813531,90.51963793431662
Theta,159983,2021-06-01,2024-05-01,36,309.07733783599184,257.73682346155147,102.7250777941734
Theta,159984,2021-01-01,2024-12-01,48,254.8473292514764,211.8933737122629,83.25146334279374
Theta,159989,2021-01-01,2024-12-01,48,91.46062087866227,70.67737201830447,75.37404513956214
Theta,160049,2021-01-01,2024-12-01,48,299.3753863909606,228.99594393202827,87.9586277289252
Theta,160050,2021-01-01,2024-12-01,48,264.99062014186023,229.09634955594422,62.676014335111454
Theta,160054,2021-09-01,2024-08-01,36,149.34495399626638,122.10823813246354,133.9640996315324
Theta,160055,2021-01-01,2024-12-01,48,148.5369387914982,122.53190152497542,108.28328419035752
Theta,160056,2021-01-01,2024-12-01,48,290.82994045929223,252.19776467844022,111.86213850833205
Theta,160057,2020-12-01,2024-11-01,48,155.84007029492037,107.74616389878604,115.5170860510821
Theta,160148,2021-12-01,2024-11-01,36,86.1230526578913,70.67788711393915,146.881585397906
Theta,160149,2021-01-01,2024-12-01,48,331.3613277063693,236.69440460401722,103.51391163528312
Theta,160164,2021-01-01,2024-12-01,48,109.93933867369657,82.36779083041766,62.15691367217289
Theta,160208,2022-01-01,2024-12-01,36,110.5650468580847,82.85186799660107,80.1734773919872
Theta,160209,2022-01-01,2024-12-01,36,135.5049625924765,98.90758051945534,65.52288957625404
Theta,160210,2022-01-01,2024-12-01,36,91.0859329713765,65.2333007502795,87.50011864443924
Theta,160211,2022-01-01,2024-12-01,36,131.23352602121406,91.03337696809908,74.2862475857241
Theta,160332,2022-01-01,2024-12-01,36,75.19387461982157,52.55975204346358,42.96764427305798
Theta,160333,2021-10-01,2024-09-01,36,131.99563545162871,105.22004593427312,108.99823031862579
Theta,160334,2022-01-01,2024-12-01,36,173.51425525923713,136.7287992762093,85.80182694390845
Theta,160335,2022-01-01,2024-12-01,36,183.39563529451326,140.25103158849564,94.9522983085936
Theta,160344,2022-01-01,2024-12-01,36,118.7266368804764,91.13302599646498,118.56443314909413
Theta,160345,2022-01-01,2024-12-01,36,79.22139248895155,60.966688037826216,107.38647265453304
Theta,160346,2022-01-01,2024-12-01,36,122.13431772200366,97.23962238186022,132.61020512034386
Theta,160430,2022-01-01,2024-12-01,36,177.52645488516572,152.094733241331,97.48009841138945
Theta,160431,2022-01-01,2024-12-01,36,122.900519026893,100.43897297454963,89.31989283048239
Theta,160432,2021-09-01,2024-08-01,36,123.52966865643957,105.77718907625578,106.560808257362
Theta,160433,2022-01-01,2024-12-01,36,150.30659666476834,111.0142617966216,60.56378654907985
Theta,160434,2022-01-01,2024-12-01,36,72.86564111957757,54.98495731727954,79.42738072719033
Theta,160435,2022-01-01,2024-12-01,36,177.66796977683697,144.87087085671104,86.17848581239244
Theta,160436,2021-10-01,2024-09-01,36,388.9514495448063,318.9771686945435,105.96972894577193
Theta,160437,2022-01-01,2024-12-01,36,139.69336247833746,117.3425282438299,131.85868904489797
Theta,160447,2022-01-01,2024-12-01,36,41.397491962909925,28.9454216922051,61.10361412172121
Theta,160455,2022-01-01,2024-12-01,36,63.9498186078392,42.6277869187357,78.84309660630316
Theta,160520,2022-01-01,2024-12-01,36,134.51754939761716,107.02494836427029,135.8443060009308
Theta,160571,2022-01-01,2024-12-01,36,112.09623564512057,86.43799938073934,48.84366767006961
Theta,160572,2022-01-01,2024-12-01,36,149.4056730789509,127.64958796203703,77.95306341760094
Theta,160574,2022-01-01,2024-12-01,36,158.26577417022483,125.9076881064069,90.35561152225065
Theta,160575,2021-08-01,2024-07-01,36,188.5608733866398,155.51487971769762,70.5820508054301
Theta,160692,2022-01-01,2024-12-01,36,227.94488175254887,175.33812095810728,122.79658442725511
Theta,160693,2022-01-01,2024-12-01,36,417.2933544417726,327.77701592222473,124.63380208971665
Theta,160694,2022-01-01,2024-12-01,36,500.000954609597,359.9288158841035,88.77663139080667
Theta,160755,2021-12-01,2023-11-01,24,153.749602697222,127.59416192263446,89.42435174401426
Theta,160786,2022-01-01,2024-12-01,36,154.8536550969341,111.22004492803791,82.97978001221131
Theta,160789,2022-01-01,2024-12-01,36,75.21650794888413,51.73444668787594,40.28032023358691
Theta,160854,2022-01-01,2024-12-01,36,220.80629506678713,173.25380966574824,95.62338318104692
Theta,160855,2022-01-01,2024-12-01,36,133.96403197480333,112.63935316770208,137.80434571639842
Theta,160856,2022-01-01,2024-12-01,36,119.23067703325673,97.48238287265107,105.62125623400608
Theta,160865,2022-01-01,2024-12-01,36,122.27492338608225,93.07479677678029,117.72658507101187
Theta,160866,2021-10-01,2024-09-01,36,215.02725336094107,185.26900960688363,171.5539987878893
Theta,160885,2022-01-01,2024-12-01,36,121.44210640222879,90.11087329689748,59.29888978178451
Theta,160886,2022-01-01,2024-12-01,36,139.42813473200005,101.99444608692646,36.41893819045865
Theta,160897,2022-01-01,2024-12-01,36,44.74309243373796,34.24140326501698,81.35261724083863
Theta,160909,2022-01-01,2024-12-01,36,73.85410717205885,57.83251523967431,90.88738497777668
Theta,160911,2022-01-01,2024-12-01,36,51.48222470391224,41.50105002809771,25.707725026146043
Theta,160925,2021-11-01,2024-10-01,36,154.89148196668276,117.1341685666386,115.71004645573483
Theta,160926,2022-01-01,2024-12-01,36,106.01863498899014,88.4616803589179,112.35770183741641
Theta,160927,2022-01-01,2024-12-01,36,186.23477978967227,133.88276400507576,81.63291366520217
Theta,160928,2022-01-01,2024-12-01,36,329.8607216861367,246.61228567926642,106.97787486707217
Theta,160930,2021-12-01,2024-11-01,36,112.05731882112025,89.32672186491071,72.72191182915535
Theta,160932,2022-01-01,2024-12-01,36,322.8117847443415,243.65397747845125,65.08092592536124
Theta,161222,2022-01-01,2024-12-01,36,148.99490213739168,112.45789127595127,89.15922494983606
Theta,161223,2022-01-01,2024-12-01,36,170.00831441724853,142.09383935815083,59.724203404828344
Theta,161229,2022-01-01,2024-12-01,36,119.03519657042747,84.12287883803765,77.0063636887075
Theta,161253,2022-01-01,2024-12-01,36,280.2411128443697,208.11630116445153,105.88382472640808
Theta,161254,2022-01-01,2024-12-01,36,79.15856406994813,67.51216324633805,99.25449378237741
Theta,161255,2022-01-01,2024-12-01,36,130.66310716283098,107.2768624521185,159.11952276156325
Theta,161256,2022-01-01,2024-12-01,36,137.19468114736287,110.53580986155748,155.7712447874419
Theta,161364,2022-01-01,2024-12-01,36,176.40958471843285,151.52525207809197,82.13718932382261
Theta,161365,2022-01-01,2024-12-01,36,205.5687781868996,173.15281434483876,95.42924593128515
Theta,161366,2022-01-01,2024-12-01,36,196.2593507639015,140.06220947203622,116.42258235749549
Theta,161367,2022-07-01,2024-06-01,24,78.10696646002908,63.994099711139825,59.501565958132325
Theta,161368,2022-01-01,2024-12-01,36,304.03685560427004,204.60005884146145,80.3592177018117
Theta,161369,2022-01-01,2024-12-01,36,151.43423443413252,122.22721440901084,74.62440275395936
Theta,161370,2022-01-01,2024-12-01,36,265.4812058597874,222.30363542962516,155.19862550383394
Theta,161371,2022-01-01,2024-12-01,36,115.88258462649164,100.68592861847172,92.78029053355043
Theta,161372,2022-01-01,2024-12-01,36,177.7667927271992,150.98416176471466,160.09341479298013
Theta,161373,2022-01-01,2024-12-01,36,291.1318668383008,210.3609444246973,88.15096348776775
Theta,161374,2021-11-01,2024-10-01,36,152.42042864701148,116.55011139725576,72.8317477038885
Theta,161421,2022-01-01,2024-12-01,36,290.10247823611803,199.64773699223403,55.832568189949875
Theta,161422,2022-01-01,2024-12-01,36,117.90092621948031,88.82561317995356,83.32214351833247
Theta,161423,2022-01-01,2024-12-01,36,165.62913161920895,124.98644730700315,80.76002567421754
Theta,161424,2022-01-01,2024-12-01,36,193.16504955233506,159.190866334854,64.37297915171455
Theta,161425,2022-01-01,2024-12-01,36,318.24423214865953,260.8004372640013,103.02808457183414
Theta,161451,2022-01-01,2024-12-01,36,88.82841588746143,64.28917349327986,26.39506675345114
Theta,161483,2022-01-01,2024-12-01,36,143.20667358946739,127.79052603218754,52.87593977289192
Theta,161485,2022-01-01,2024-12-01,36,74.06095272278556,66.1347103670469,44.78739331212391
Theta,161514,2022-01-01,2024-12-01,36,173.6600208033444,137.20759497215076,84.15156203830972
Theta,161515,2022-01-01,2024-12-01,36,334.42875391518805,282.51908013792087,83.89725437290853
Theta,161516,2022-01-01,2024-12-01,36,240.90414334282278,187.5235446765199,75.84334600564667
Theta,161532,2022-01-01,2024-12-01,36,146.1031362161899,109.47651378079954,92.51521029494187
Theta,161577,2022-01-01,2024-12-01,36,80.87832187419096,54.669439682692825,29.12268559392571
Theta,161581,2022-01-01,2024-12-01,36,66.38535496892938,49.70997376879968,25.527929133302727
Theta,161582,2023-01-01,2024-12-01,24,254.24191795485137,210.15419153785933,112.73730393421924
Theta,161583,2023-01-01,2024-12-01,24,163.4159985287361,138.04723855821157,85.6526732152713
Theta,161584,2023-01-01,2024-12-01,24,289.01486573630325,242.77886801074507,115.43424990145468
Theta,161585,2023-01-01,2024-12-01,24,128.69436809082382,103.53646176259527,103.89168308531937
Theta,161604,2022-01-01,2024-12-01,36,147.16899424253572,97.1424251126929,97.53335874530693
Theta,161605,2023-01-01,2024-12-01,24,276.12709510494756,230.97100708837525,137.39797052140898
Theta,161606,2023-01-01,2024-12-01,24,253.0340247406199,203.48904165777222,143.10177725562366
Theta,161607,2023-01-01,2024-12-01,24,191.39664759900734,141.9322691928457,82.22343919220302
Theta,161608,2022-01-01,2024-12-01,36,249.11646743250984,188.5078997547952,74.75716013485142
Theta,161641,2023-01-01,2024-12-01,24,90.21076416289263,54.06088160607967,40.11506278616011
Theta,161654,2023-01-01,2024-12-01,24,61.749582898072056,32.755766658974544,20.29080528210038
Theta,161685,2023-01-01,2024-12-01,24,219.59576554284283,178.4252360639961,122.06574115145168
Theta,161686,2023-01-01,2024-12-01,24,156.10048279440605,122.15429758605565,130.1348009819179
Theta,161687,2023-01-01,2024-12-01,24,260.1312562854592,217.96844914830513,130.46437033451465
Theta,161688,2023-01-01,2024-12-01,24,199.6476067042278,150.62640427859571,78.01541402689138
Theta,161689,2023-01-01,2024-12-01,24,109.95323401957437,85.72103073001081,119.29432444506557
Theta,161690,2023-01-01,2024-12-01,24,213.53895573317746,152.03164751049323,77.48827059479532
Theta,161691,2023-01-01,2024-12-01,24,228.27320159609198,170.43965238718965,115.742264273192
Theta,161692,2023-01-01,2024-12-01,24,79.33759541164986,51.88903486913161,67.2311980327437
Theta,161704,2023-01-01,2024-12-01,24,163.6695702806312,123.51849467710052,92.16715682669633
Theta,161705,2023-01-01,2024-12-01,24,109.07163957136223,85.68300609668205,105.5191009754504
Theta,161706,2023-01-01,2024-12-01,24,145.2947020914879,124.89379368028962,103.99330140584765
Theta,161707,2023-01-01,2024-12-01,24,124.66374942390912,101.52780715080415,100.65303508848417
Theta,161721,2023-01-01,2024-12-01,24,247.28085909271184,206.55273567528448,84.96011641501798
Theta,161722,2023-01-01,2024-12-01,24,239.957697650252,170.16632451662886,109.81458065437323
Theta,161723,2023-01-01,2024-12-01,24,56.79731479226172,47.323205820225475,64.36585984572774
Theta,161774,2023-01-01,2024-12-01,24,151.06905166373556,113.43994667389542,69.65548994519825
Theta,161844,2023-01-01,2024-12-01,24,156.13816492981803,118.90654483803114,121.29459173585224
Theta,161846,2023-01-01,2024-12-01,24,207.19233399704328,166.53468032570206,100.51146227418644
Theta,161847,2023-01-01,2024-12-01,24,163.02957082536616,129.11218829984045,101.37234864481034
Theta,161865,2023-01-01,2024-12-01,24,154.928278704324,121.36308407017309,71.60804721452486
Theta,161866,2023-01-01,2024-12-01,24,308.91648422981206,271.6069422780043,136.41544603260186
Theta,161867,2023-01-01,2024-12-01,24,239.1815775743637,205.8351687059703,124.60494800776753
Theta,161868,2023-01-01,2024-12-01,24,401.0344013907953,339.75189739891624,151.61428704451023
Theta,161915,2023-01-01,2024-12-01,24,117.78174291914341,85.14180628424454,63.638176886497114
Theta,161916,2023-01-01,2024-12-01,24,121.40838836770862,100.60069575150685,101.410238396
Theta,161917,2023-01-01,2024-12-01,24,94.48695805657667,79.67023282980803,115.76644179947203
Theta,161918,2023-01-01,2024-12-01,24,170.86415539945918,151.85315196430267,131.26486894188648
Theta,161932,2023-01-01,2024-12-01,24,137.77810160374443,118.44664584924749,115.42153209776374
Theta,161933,2023-01-01,2024-12-01,24,141.48465207360226,111.03563029258282,68.033465867525
Theta,161934,2023-01-01,2024-12-01,24,197.76394640487575,165.20663840029485,136.42343252335945
Theta,161935,2023-01-01,2024-12-01,24,127.61341847073008,111.4514436205443,53.785960992765155
Theta,161948,2023-01-01,2024-12-01,24,215.3673915206951,170.03672422519674,87.3300231956295
Theta,161949,2023-01-01,2024-12-01,24,161.05329460042356,131.20328441036366,59.412354052666444
Theta,161950,2023-01-01,2024-12-01,24,149.76681202069386,113.94728140113102,64.36124722533397
Theta,161951,2023-01-01,2024-12-01,24,170.05835745375614,140.33446182385208,37.831405292893685
Theta,161953,2023-01-01,2024-12-01,24,123.8245592639674,101.7550726017392,67.94660600554869
Theta,161954,2023-01-01,2024-12-01,24,146.89710293159277,126.36558550382183,75.63013122907934
Theta,161955,2023-01-01,2024-12-01,24,179.2001742458024,140.22811891180322,111.35526707401205
Theta,162001,2023-01-01,2024-12-01,24,286.15824552337165,241.24254718951246,44.497520411262066
Theta,162024,2023-01-01,2024-12-01,24,481.6506522689485,400.8535740243355,76.28344503838372
Theta,162025,2023-01-01,2024-12-01,24,287.9005228174551,245.20999955650692,94.13742563984215
Theta,162026,2023-01-01,2024-12-01,24,496.5667638350068,432.83201872119076,103.26225430358885
Theta,162027,2023-01-01,2024-12-01,24,322.95151591436525,281.8981211623788,92.14533934447395
Theta,162028,2023-01-01,2024-12-01,24,509.2293684710729,454.06068458722456,85.80710201966811
Theta,162029,2023-01-01,2024-12-01,24,65.7004535881473,58.15408151672801,61.30298062030593
Theta,162030,2023-01-01,2024-12-01,24,258.6750986768042,231.91968308277418,64.19047085567995
Theta,162080,2023-01-01,2024-12-01,24,202.79809162089165,157.8708201519983,76.59336080380129
Theta,162081,2023-01-01,2024-12-01,24,266.53414094469736,227.74325796902363,119.35846119866058
Theta,162082,2023-01-01,2024-12-01,24,114.22268451566418,100.52793733591159,84.5390882381752
Theta,162083,2023-01-01,2024-12-01,24,126.84303905263461,105.70241615804566,78.63765964713075
Theta,162085,2023-01-01,2024-12-01,24,196.04964756689665,160.968364526321,109.98999462403026
