series_idx,window_idx,rmse,mae,mape,smape,mql_0_50,mic_10_90,n_points
0,0,45.86541787782428,43.56182521655774,73.64906992831088,72.55202111454841,43.56182521655774,1.0,6
0,1,29.287813218563322,22.931453860304103,9730.810672123545,51.67123814373574,22.931453860304103,1.0,6
0,2,35.6931171418193,33.79049174513727,33.12184152054106,40.937942419266385,33.79049174513727,1.0,6
1,0,18.61946326421085,15.668370180993124,120.94637318524431,54.596705560116455,15.668370180993124,0.8333333333333334,6
1,1,38.681296397442566,37.776786242457796,14648.136222894296,164.9337315608227,37.776786242457796,0.16666666666666666,6
1,2,21.43105934845693,20.05709837253933,412.2756374026859,84.65491087426834,20.05709837253933,0.8333333333333334,6
2,0,28.218577433306063,21.23835504411264,9651.119846972671,63.60392654611453,21.23835504411264,0.8333333333333334,6
2,1,22.270138739322856,17.222599378738295,7315.796599082804,74.64957599259002,17.222599378738295,0.8333333333333334,6
2,2,13.63743183033758,9.902135221946455,4946.2549585522875,52.637421284254195,9.902135221946455,0.8333333333333334,6
3,0,22.704615143068036,19.976230371020993,72.95652576085487,50.480381258688965,19.976230371020993,1.0,6
3,1,48.05412938453697,45.866249871571426,165.47154883794056,85.93534017187571,45.866249871571426,1.0,6
3,2,18.1975760606737,10.792460293544515,81.4047538493984,31.358702163515883,10.792460293544515,1.0,6
4,0,34.92632349523597,30.63864403071007,80.57043199644957,47.40548303621768,30.63864403071007,1.0,6
4,1,46.58387299075529,45.338935485106795,18498.17072397841,125.05592427219779,45.338935485106795,0.6666666666666666,6
4,2,60.87779309900508,60.20151524651402,22909.048460321108,159.33537838669147,60.20151524651402,0.5,6
5,0,35.443636825402656,27.577828230381105,414.1292658713272,69.01065535302982,27.577828230381105,0.8333333333333334,6
5,1,27.140455806907106,23.321513254743504,29.097738590255297,34.95630037887829,23.321513254743504,0.8333333333333334,6
5,2,33.8573130834605,31.12800462221917,118.38815087760956,67.13035347595026,31.12800462221917,1.0,6
6,0,37.0561558552231,36.18555715933125,390.2773213302014,116.13496691880292,36.18555715933125,0.5,6
6,1,50.558330494399776,50.424947747249156,567.5744264496932,147.62831658809264,50.424947747249156,0.8333333333333334,6
6,2,26.380994656324443,26.17219693391468,285.3501813098811,116.95688499755484,26.17219693391468,1.0,6
7,0,16.564653345324338,14.626206473104128,25.545784545112287,25.37193479460444,14.626206473104128,1.0,6
7,1,43.551821541101326,41.61908766991557,130.5095386943925,76.3569944054823,41.61908766991557,1.0,6
7,2,41.03095592522243,39.30339515552972,290.74368888252945,96.39580860585743,39.30339515552972,1.0,6
8,0,21.63980246703048,18.645318859651244,38.6504138011104,30.431014496594642,18.645318859651244,1.0,6
8,1,48.69842055035292,40.2714562322494,16883.35707892239,95.26661141256002,40.2714562322494,0.6666666666666666,6
8,2,9.599465766786576,7.997000941617611,14.055008311340908,12.777839776490248,7.997000941617611,1.0,6
9,0,26.83174953273822,25.170799791188198,38.73477340144164,31.71535632453421,25.170799791188198,1.0,6
9,1,74.0286472506721,68.6687358204052,45786.35930144736,132.25038023231252,68.6687358204052,0.5,6
9,2,42.710909815111215,31.48954421180822,101.31569234390281,47.070078102601975,31.48954421180822,1.0,6
10,0,60.438852147307465,55.60145078124273,152.4604229128323,66.22654974449149,55.60145078124273,0.8333333333333334,6
10,1,55.307604384052,53.34629105397639,13881.418782488225,79.95655254108361,53.34629105397639,0.8333333333333334,6
10,2,56.383808157482086,51.633648634219334,288.2756814289564,85.9935279907416,51.633648634219334,1.0,6
11,0,29.659904605706117,19.564666720144235,245.24075665459924,42.25651392613752,19.564666720144235,0.8333333333333334,6
11,1,33.07054158862155,28.000220749936677,8330.703340426086,78.36691031351815,28.000220749936677,0.6666666666666666,6
11,2,35.02574810711354,28.007028095272528,10935.900454623938,56.353617804490185,28.007028095272528,0.8333333333333334,6
12,0,41.1099821861265,39.59793083569678,212.04914890609606,93.22258399351247,39.59793083569678,0.5,6
12,1,33.664744784469896,31.91838585017342,8216.206686987642,100.23232740509663,31.91838585017342,0.6666666666666666,6
12,2,27.70627372757909,25.597124889326796,114.61165224845233,67.04378796132517,25.597124889326796,1.0,6
13,0,19.0373100403783,18.16524405305196,440.9535470912177,112.7964204570552,18.16524405305196,0.8333333333333334,6
13,1,4.352585305511855,3.630528989432539,51.94351559416148,34.5246120992484,3.630528989432539,1.0,6
13,2,12.45338654136941,12.060010271547142,1434.9002364135742,87.30174616145433,12.060010271547142,0.8333333333333334,6
14,0,37.4579234757652,33.60999319717874,86.10188272747932,50.398850121345305,33.60999319717874,0.8333333333333334,6
14,1,37.845105322838855,30.465899488150338,9189.579569248514,86.9175766288696,30.465899488150338,0.5,6
14,2,56.03558313292674,53.047694609956686,490.9542557382197,105.11400754734458,53.047694609956686,0.8333333333333334,6
15,0,28.455086830775425,27.73104843827345,39.445452869666866,32.68871139475973,27.73104843827345,1.0,6
15,1,24.38966717443967,23.486497380617905,33.028669595632756,28.41739819260207,23.486497380617905,1.0,6
15,2,51.24583046561344,51.09381847643237,95.7328719181838,64.61191100455083,51.09381847643237,1.0,6
16,0,45.41863914684709,44.262604413129885,143.6419302579231,73.0486852003868,44.262604413129885,1.0,6
16,1,38.763496411579055,32.08873475422251,114.80158462822058,57.12078291854549,32.08873475422251,1.0,6
16,2,45.317861885463444,43.2316888412243,139.1823059676593,73.0827101339789,43.2316888412243,1.0,6
17,0,22.652550139378143,15.05381128871781,24.91539787736618,18.940808000530826,15.05381128871781,1.0,6
17,1,12.613942994191605,12.092460955205317,14.976875701467332,13.898385312120705,12.092460955205317,1.0,6
17,2,48.867492031652255,47.882899445963325,124.57851224060705,72.32999076713415,47.882899445963325,1.0,6
18,0,64.02619075842253,63.18099869357584,97.69742546852163,64.94347850156112,63.18099869357584,1.0,6
18,1,69.64413812302003,59.938609451809405,13992.1460421047,101.06259673723157,59.938609451809405,0.6666666666666666,6
18,2,21.38557435118046,20.0988209438487,25.462835726351962,22.2020284353574,20.0988209438487,1.0,6
19,0,88.37001025132369,82.04524270224168,39236.8269769906,128.38697659033025,82.04524270224168,0.6666666666666666,6
19,1,50.054549633625385,35.32105624985841,18338.149404152013,52.385852309367245,35.32105624985841,0.8333333333333334,6
19,2,42.17552819246051,33.205775574224596,15049.31654723185,56.26985540090028,33.205775574224596,1.0,6
20,0,45.77328250699135,36.353726175901095,85.08147423511333,50.99252304173804,36.353726175901095,1.0,6
20,1,48.73079820849037,45.03498779585599,144.57623190128518,76.18061643311215,45.03498779585599,1.0,6
20,2,34.96616160752909,32.82222370384365,125.07733086988051,73.29551836591662,32.82222370384365,1.0,6
21,0,11.942123370921887,11.170119812736587,21.738927248430503,19.34616621510278,11.170119812736587,1.0,6
21,1,26.45354542038852,26.269174894949852,90.52898970013872,61.1089940485798,26.269174894949852,1.0,6
21,2,29.12381443201391,28.806639861126936,120.13462881473448,74.34905556011503,28.806639861126936,0.8333333333333334,6
22,0,27.104795705488403,19.357020207476996,391.43139113369784,83.39047067471141,19.357020207476996,0.8333333333333334,6
22,1,21.747006056891358,21.189751089369846,389.9587914816562,126.57087719178173,21.189751089369846,0.8333333333333334,6
22,2,7.887616913634871,7.711456390654825,327.876765125211,107.02611701034652,7.711456390654825,0.6666666666666666,6
23,0,38.46062335663087,31.264556679851093,11137.86717865886,89.50670153748995,31.264556679851093,0.5,6
23,1,5.114747478634458,4.593497502975918,17.597190497293177,16.82488039645249,4.593497502975918,1.0,6
23,2,17.23256349939711,14.526876463537404,68.10107805942168,42.53973790185652,14.526876463537404,1.0,6
24,0,32.892483626315645,32.707468432613375,189.33911011084646,96.33168093794224,32.707468432613375,1.0,6
24,1,37.03532717396495,36.83612789557476,290.0622831817938,117.4920117139789,36.83612789557476,1.0,6
24,2,38.81525449684002,38.6878748111935,366.37110782907916,129.15030803863823,38.6878748111935,1.0,6
25,0,40.66906915616293,39.31692543798937,1253.1037132279992,111.10654420765923,39.31692543798937,0.5,6
25,1,35.58915130694079,33.963349985329124,538.2506977507073,107.02329362860448,33.963349985329124,0.6666666666666666,6
25,2,34.64705971971443,28.666569612009663,9360.138130646812,87.37752729835941,28.666569612009663,0.8333333333333334,6
26,0,30.815059299122954,22.92248140471987,479.4149849648747,64.39327357816661,22.92248140471987,0.6666666666666666,6
26,1,22.652978599211664,19.488252335666882,40.15953374473107,30.984415932896752,19.488252335666882,1.0,6
26,2,41.67579954159511,41.30916110247327,150.0058088706975,83.742540216577,41.30916110247327,1.0,6
27,0,35.28331721640871,26.829598920437775,185.19101667355503,61.17385370986096,26.829598920437775,1.0,6
27,1,12.447645249459624,10.434301608593147,19.677060151365385,18.39196407270814,10.434301608593147,1.0,6
27,2,31.673319739184926,26.28615081320062,10179.02412252804,61.028042874657565,26.28615081320062,0.8333333333333334,6
28,0,40.968457786638936,39.46215598403778,67.38083308238772,48.33023746578439,39.46215598403778,1.0,6
28,1,64.01928595010585,63.77656790215095,807.1968456150523,142.4103441755762,63.77656790215095,0.8333333333333334,6
28,2,85.83282936740098,85.54484919129261,2678.74323868452,182.01347669040447,85.54484919129261,0.0,6
29,0,32.751457524855084,26.66683945400432,184.6039480097312,50.7637280919892,26.66683945400432,0.8333333333333334,6
29,1,81.54680148750053,81.34268339190332,54621.60819776256,195.43060163538973,81.34268339190332,0.0,6
29,2,28.646828945426307,21.51225667392323,8367.181893768706,61.42661266423731,21.51225667392323,0.8333333333333334,6
30,0,73.5318587969658,72.04747391709053,54296.9754686952,177.28397748947958,72.04747391709053,0.3333333333333333,6
30,1,18.905984389280114,15.182952492558142,50.058711373189816,34.6367934387498,15.182952492558142,1.0,6
30,2,30.145591332405164,28.210669130330903,6433.762244331135,121.26186077488484,28.210669130330903,1.0,6
31,0,51.426630017353126,45.61245615560592,23540.73584620878,115.5521848964875,45.61245615560592,0.5,6
31,1,21.711289168901196,18.638950262923892,31.965282133834943,29.801126086972733,18.638950262923892,1.0,6
31,2,13.43023180119068,11.260296361616767,28.36628736985488,24.239140849328532,11.260296361616767,1.0,6
32,0,13.488917630217754,11.13226328737897,11.581811856775525,11.299109576428368,11.13226328737897,1.0,6
32,1,28.546171327054914,21.730708635944072,25.944790263625915,20.68207215360388,21.730708635944072,1.0,6
32,2,30.429929408492136,28.323418164480984,28.65451913079276,24.553292836106934,28.323418164480984,1.0,6
33,0,33.276865527916065,29.604847727150197,142.05297885453749,64.15166136654616,29.604847727150197,0.8333333333333334,6
33,1,32.03470969059643,23.340807360740428,11603.281656301959,53.71391524399255,23.340807360740428,0.8333333333333334,6
33,2,28.226825096166092,23.500224794577495,9566.425567066603,59.96442862544799,23.500224794577495,0.8333333333333334,6
34,0,22.206450697962456,20.92042497107146,49.768312327288704,38.04546459362403,20.92042497107146,1.0,6
34,1,79.67606505766311,79.59321311744101,54945.27867391836,194.69297726530039,79.59321311744101,0.3333333333333333,6
34,2,84.09714324193041,82.09524460664407,61279.70432336477,175.383953820876,82.09524460664407,0.3333333333333333,6
35,0,33.650190613642145,22.819389264473198,23.547720873042604,29.516215905883588,22.819389264473198,0.8333333333333334,6
35,1,56.6053061934804,53.61717853767133,50696.853063490526,172.93767159900807,53.61717853767133,0.16666666666666666,6
35,2,35.34903757303837,27.5691919169646,17763.69969895175,93.80527752680185,27.5691919169646,0.8333333333333334,6
36,0,71.45849390950445,69.76902525836408,266.1374374383673,106.33264313193982,69.76902525836408,1.0,6
36,1,56.49782164277298,55.29993343019641,34796.877177453214,194.53800968443346,55.29993343019641,0.0,6
36,2,44.68045952435884,43.32555720766712,27343.157730036033,155.16062173204946,43.32555720766712,0.8333333333333334,6
37,0,4.462009575706345,3.7177564403176864,17.74940141128991,19.365400550654922,3.7177564403176864,1.0,6
37,1,22.45764595957873,21.79611390143131,136.61325081505112,78.35397106154149,21.79611390143131,1.0,6
37,2,8.60849843476828,8.267111515139717,35.48193425653497,32.486928758580504,8.267111515139717,0.8333333333333334,6
38,0,121.21680325929522,118.1734289368704,108064.65771835283,176.01703102525457,118.1734289368704,0.16666666666666666,6
38,1,62.10722718459417,40.612697858598885,20197.99549774373,54.54930827746306,40.612697858598885,0.8333333333333334,6
38,2,18.38654676394563,16.58185245723312,15.173496280654808,14.782899500489934,16.58185245723312,1.0,6
39,0,29.949494479952396,28.940346668684473,39.841091549325554,32.796918944447256,28.940346668684473,1.0,6
39,1,81.89395409820438,79.64365524668726,17146.2053770887,135.21815350275693,79.64365524668726,0.6666666666666666,6
39,2,104.2315621615072,104.08084236142963,9597.197397742157,190.29278347432592,104.08084236142963,0.3333333333333333,6
40,0,33.64969931972361,33.23515810155743,87.60897027050464,60.55821516344867,33.23515810155743,1.0,6
40,1,31.2965169237799,23.44374455135906,1012.426646827681,72.23095647970335,23.44374455135906,0.8333333333333334,6
40,2,63.29257645516706,59.51792872960158,26453.070968055163,135.80216806529046,59.51792872960158,0.5,6
41,0,13.489344111236734,11.869278150840616,23.443287573868655,20.37272640122037,11.869278150840616,1.0,6
41,1,48.095276974141214,44.38466884288771,30126.942206576336,127.83500748653778,44.38466884288771,0.5,6
41,2,42.39704858063659,40.63242433568786,10412.038160084785,105.66032931220715,40.63242433568786,1.0,6
42,0,6.128156204456033,5.00724585194433,9.378126583138664,8.761488652186399,5.00724585194433,1.0,6
42,1,32.76445850338324,28.866584958842168,90.88348111974533,55.19230261748238,28.866584958842168,0.5,6
42,2,32.7323254931691,29.65046684798149,108.17664117076819,62.76705821696207,29.65046684798149,0.8333333333333334,6
43,0,66.91377679532529,59.89837486732822,53586.87077104636,140.08929504334918,59.89837486732822,0.3333333333333333,6
43,1,67.8653170466533,67.3353464501666,87.65203013470452,156.22679335622536,67.3353464501666,0.16666666666666666,6
43,2,16.771679601683857,15.907621994866636,20.518963000460484,23.17402962498528,15.907621994866636,1.0,6
44,0,51.91529835811172,46.25295738019306,41192.90387309436,146.33242712697992,46.25295738019306,0.3333333333333333,6
44,1,21.237781137444767,18.990430746920968,159.69217581590075,69.15321941396294,18.990430746920968,1.0,6
44,2,22.500220221692285,17.628772903335168,36.34616425279369,43.694321399441385,17.628772903335168,1.0,6
45,0,30.85858111936221,28.673881747413358,53.98512319647928,80.23335404316612,28.673881747413358,0.8333333333333334,6
45,1,35.2711810042062,30.596259678300925,235.58715061139938,75.5774598464022,30.596259678300925,0.8333333333333334,6
45,2,44.48044812683533,43.59893344899776,565.340852264032,147.14398776574035,43.59893344899776,1.0,6
46,0,15.312065018126182,13.016377648980727,84.12173293321005,41.419351164106324,13.016377648980727,0.6666666666666666,6
46,1,18.098284546007392,15.284393098072911,25.451169457739148,30.725614645405425,15.284393098072911,0.6666666666666666,6
46,2,18.17499530790141,13.353157808581946,121.15949282356952,39.42016549045261,13.353157808581946,0.8333333333333334,6
47,0,22.780027296112937,16.089709410427215,8204.455663815932,50.953334824459375,16.089709410427215,0.8333333333333334,6
47,1,29.3929400160328,23.78936681487525,7559.455927268886,94.39440008877348,23.78936681487525,1.0,6
47,2,12.12162650306858,9.582233838624559,30.307847855184594,24.036701114049695,9.582233838624559,1.0,6
48,0,9.111136732085349,7.524279075377099,4574.819820396105,84.91946109203133,7.524279075377099,0.8333333333333334,6
48,1,36.95838841084409,34.86997104821219,19379.01374915524,154.25270528332388,34.86997104821219,0.8333333333333334,6
48,2,25.83775866505915,23.34767382538222,6734.968442419477,118.77579878910115,23.34767382538222,0.6666666666666666,6
49,0,25.985640284298523,24.161951865728856,181.5747283784938,90.8158926767423,24.161951865728856,1.0,6
49,1,35.80745612590053,34.11713496649559,390.13190311690624,120.379302661885,34.11713496649559,1.0,6
49,2,22.864347281599805,20.824769930690902,387.65567349757504,116.26098082572354,20.824769930690902,0.6666666666666666,6
50,0,27.525326548329588,25.475373300648926,527.3735682744497,77.61240138374532,25.475373300648926,1.0,6
50,1,23.96679278738482,22.878243144877235,30.77025484098124,34.225012001213464,22.878243144877235,1.0,6
50,2,30.501521014691022,27.77886802551195,57.40001561640313,41.9120644344845,27.77886802551195,1.0,6
51,0,33.47654114321575,26.29571970246246,9250.735926346146,72.54176603156363,26.29571970246246,0.6666666666666666,6
51,1,24.81314127189194,23.54275065964877,67.09417674179926,46.729203091639924,23.54275065964877,1.0,6
51,2,47.360786332989655,43.68737513439953,230.81572191348712,90.95600866659682,43.68737513439953,1.0,6
52,0,37.42723252138548,27.258874950429803,44.33362882899169,28.610668378004238,27.258874950429803,1.0,6
52,1,71.37826256255983,70.48182671228643,99.72026156284582,65.67772513171784,70.48182671228643,1.0,6
52,2,75.20217175586471,74.08602470379252,133.51721835842574,76.40400608030262,74.08602470379252,1.0,6
53,0,26.599276874326936,26.116633012034228,50.0395974044212,39.58161950259294,26.116633012034228,1.0,6
53,1,34.72127079059963,31.358266655256955,97.21285045177356,55.254545477967774,31.358266655256955,1.0,6
53,2,57.08775997171868,51.978725029817525,14745.345800222363,101.97505927988175,51.978725029817525,0.8333333333333334,6
54,0,1.0760404533324845,0.8764303784588668,15.294124275407395,17.07043494756811,0.8764303784588668,1.0,6
54,1,1.1613058498161148,0.9571284744318819,14.605808908313364,13.078686550275362,0.9571284744318819,1.0,6
54,2,5.054053769030074,4.2155441573176295,1425.2962412544312,68.77010271644863,4.2155441573176295,0.8333333333333334,6
55,0,56.989669423250795,48.56736872302779,102.26822556203294,55.97495130663622,48.56736872302779,1.0,6
55,1,14.388658053400913,12.717809180467789,15.555604903726717,15.23313060952423,12.717809180467789,1.0,6
55,2,61.42760513493263,50.91389207758342,196.89610970254776,73.68365884123624,50.91389207758342,1.0,6
56,0,49.36325394971772,34.388029598253475,14814.797019135529,58.64146922527076,34.388029598253475,0.6666666666666666,6
56,1,75.1738893115765,74.75384547447094,567.2366202348747,136.51505285952734,74.75384547447094,0.16666666666666666,6
56,2,61.682526525106226,60.87326203982868,9777.820885520732,160.21108955208786,60.87326203982868,0.3333333333333333,6
57,0,23.685356308600895,18.363675617440734,8487.541965815151,50.84879720829979,18.363675617440734,0.8333333333333334,6
57,1,34.78752238650306,28.38726851357205,107.30273599316698,56.995589006307014,28.38726851357205,1.0,6
57,2,16.011719801626498,13.10409286594622,28.006793730114342,22.968025947153155,13.10409286594622,1.0,6
58,0,30.428528752785056,25.469666091969696,80.63669609439616,51.74275525696766,25.469666091969696,1.0,6
58,1,10.2825273174309,7.985464855203035,30.516033197179986,28.263329170260814,7.985464855203035,1.0,6
58,2,18.45113736544362,15.294344465886951,1393.3532281739972,58.01969551774096,15.294344465886951,0.8333333333333334,6
59,0,50.56877540525312,38.98402909986228,13763.159423950983,78.95453915995617,38.98402909986228,0.6666666666666666,6
59,1,24.349399693525307,20.113385313794133,30.39603955661907,26.420640571553655,20.113385313794133,0.8333333333333334,6
59,2,35.13529432557556,22.8719733729408,93.0274886912302,35.38376756088228,22.8719733729408,1.0,6
60,0,10.90262630306182,7.232770727070143,26.516379332612868,19.46193946649233,7.232770727070143,1.0,6
60,1,9.057102115828163,7.696508150761345,20.16091746799011,22.089790236088277,7.696508150761345,1.0,6
60,2,17.507146905384943,14.300485581548221,26.558301681765766,26.4380427237964,14.300485581548221,0.6666666666666666,6
61,0,78.20021914030652,72.97180198853754,4335.1831399089,121.55313092199394,72.97180198853754,0.0,6
61,1,47.9887683978599,42.91410993015953,90.71592261122662,62.80554910198922,42.91410993015953,1.0,6
61,2,29.118743911536544,23.208721739970496,52.26995702393018,40.746645570376344,23.208721739970496,1.0,6
62,0,55.85127774954529,51.23917737635185,92.41958229281943,56.45273410611836,51.23917737635185,0.8333333333333334,6
62,1,40.11311308353419,35.231820750824895,54.40240886140252,39.395880508003714,35.231820750824895,1.0,6
62,2,56.109692358026294,46.227364952604944,21567.865645622976,121.96459384478902,46.227364952604944,0.3333333333333333,6
63,0,31.199800144975818,22.906314501107673,331.8445113492393,97.34969430633548,22.906314501107673,0.5,6
63,1,4.907105087364095,4.268005177337426,55.604075501562775,39.116960478010675,4.268005177337426,1.0,6
63,2,8.316737006456593,6.58007085217956,2675.4576332196743,76.26497438823185,6.58007085217956,0.8333333333333334,6
64,0,21.04737377525465,18.75422811617186,1561.6682056415073,153.60419886481856,18.75422811617186,0.5,6
64,1,35.445415616826224,29.402003878489154,9735.756636146623,102.98168263467402,29.402003878489154,0.6666666666666666,6
64,2,27.88253105492938,27.852651638474608,83.89667540963094,144.61875146387158,27.852651638474608,0.5,6
65,0,53.42691126464925,48.17063426636918,353.18607164511644,85.2062884336746,48.17063426636918,1.0,6
65,1,17.49131864873753,14.534149390277008,36.70863196247119,28.49605711186212,14.534149390277008,1.0,6
65,2,21.80165564158581,21.60621032763596,49.92413939999348,39.800891414217425,21.60621032763596,1.0,6
66,0,41.68979592729481,38.31101384560076,270.03303209852925,86.58060499543666,38.31101384560076,1.0,6
66,1,23.18300326669188,18.796187879765366,40.74833246766714,30.566801533325727,18.796187879765366,1.0,6
66,2,5.339800361548525,3.7509936015788283,7.70586406390368,7.183523314778833,3.7509936015788283,1.0,6
67,0,33.17489292857006,30.092601912667238,801.2969914342518,135.52512383573102,30.092601912667238,0.16666666666666666,6
67,1,38.690230726781316,38.448432200223216,1281.9495765091071,168.24908051196718,38.448432200223216,0.3333333333333333,6
67,2,8.97272208947861,7.591716572658664,490.87562828303203,114.19603231962971,7.591716572658664,0.8333333333333334,6
68,0,32.89356489875544,30.073687394440366,70.2841456177208,53.22869397109247,30.073687394440366,1.0,6
68,1,16.29821859324408,14.188574130924982,30.579012655621536,26.710533976845024,14.188574130924982,1.0,6
68,2,22.36687398534908,19.512884798919355,67.44665142657517,44.01651654946597,19.512884798919355,1.0,6
69,0,7.6715293750582525,6.271625722593189,42.87838696929976,46.278845078473644,6.271625722593189,1.0,6
69,1,26.866124185104404,25.07635950124484,832.3086652137852,122.09256592561599,25.07635950124484,0.5,6
69,2,17.406642037712665,15.902137534741504,3338.152500354282,139.30262634140863,15.902137534741504,0.5,6
70,0,12.898161911070241,9.52131212476583,22.559097251008716,18.72869380778334,9.52131212476583,1.0,6
70,1,14.476071339138315,10.754047174937535,26.71131158165101,22.492585230749228,10.754047174937535,1.0,6
70,2,30.664579098184305,27.10460941528669,92.78884147502252,51.89739257526917,27.10460941528669,0.8333333333333334,6
71,0,13.678246661833615,11.640675297981828,22.548126330883864,27.293500681188803,11.640675297981828,1.0,6
71,1,38.36294818956703,31.32595291440317,105.17033962103785,57.532879472251416,31.32595291440317,1.0,6
71,2,33.65197577039127,27.355794332439917,103.8375478646498,55.85519297437368,27.355794332439917,1.0,6
72,0,19.20039683231354,16.27956101748283,105.75663937709565,53.72245343970549,16.27956101748283,1.0,6
72,1,21.55410625223317,16.039747401142524,10425.667146595344,86.73410687617901,16.039747401142524,0.8333333333333334,6
72,2,30.06045386922433,24.987484192157694,8331.292799764042,85.25713048835925,24.987484192157694,1.0,6
73,0,48.09419370778758,47.157254674741125,125.72792874004348,76.40827465623556,47.157254674741125,1.0,6
73,1,37.92160702411929,33.20424701087227,10928.88895283042,92.220943403728,33.20424701087227,0.8333333333333334,6
73,2,70.21159407949786,67.23381315896528,15455.018710251765,118.47808153231752,67.23381315896528,0.6666666666666666,6
74,0,1.9736457715177127,1.935614652828458,127.90729798721728,74.47390165491676,1.935614652828458,1.0,6
74,1,1.9730863906322895,1.9556809376411308,1045.3223136496204,154.61469168303174,1.9556809376411308,1.0,6
74,2,2.2157047828375167,2.205578047589758,2032.0908203462322,188.53544508816202,2.205578047589758,0.0,6
75,0,74.95101213020811,48.535874446410446,22869.188878876874,68.59587675603214,48.535874446410446,0.6666666666666666,6
75,1,39.670486136712306,37.26487820859994,44.05525587411379,35.55719756758799,37.26487820859994,1.0,6
75,2,84.76869881063858,84.64504452570375,384.83809119519293,131.41207071634062,84.64504452570375,0.8333333333333334,6
76,0,38.91549651848328,31.042642321892988,12818.78638316169,66.02116982584879,31.042642321892988,0.8333333333333334,6
76,1,34.725397389280054,32.12597722052074,109.24452863115172,60.667038416071875,32.12597722052074,1.0,6
76,2,8.06833702551296,6.916315724025158,13.592184433015793,12.433542954214314,6.916315724025158,1.0,6
77,0,61.04648166529586,55.107865466306485,352.3941334136555,71.29467297486825,55.107865466306485,0.8333333333333334,6
77,1,35.43799494177124,33.969051350281276,50.4648728575513,39.69877354656064,33.969051350281276,1.0,6
77,2,48.961739531844295,48.47317334735348,78.93320672258115,55.80512008867798,48.47317334735348,1.0,6
78,0,47.01209742182205,40.8580489831842,149.521687698489,66.31290913855919,40.8580489831842,1.0,6
78,1,30.372700510292365,26.40080193941105,53.1318159600464,38.683643869399546,26.40080193941105,1.0,6
78,2,15.246605788929156,13.096420239521416,22.058376054815714,19.086501999414107,13.096420239521416,1.0,6
79,0,37.93846285323176,36.60742804480404,169.78389576313103,81.55280173101977,36.60742804480404,1.0,6
79,1,30.6976821406402,29.649948444382204,88.88656311743128,59.802499711851986,29.649948444382204,1.0,6
79,2,1.8799997684850598,1.641034865987855,3.9452628556716385,3.9668817770286933,1.641034865987855,1.0,6
80,0,8.654543438817287,7.602088523840092,11.869717328721908,11.126924108368186,7.602088523840092,1.0,6
80,1,11.391584942049146,9.800218224943466,17.059339010628495,15.274798373391633,9.800218224943466,1.0,6
80,2,32.204481104124824,31.79883181874059,49.18545041451408,39.382489070092944,31.79883181874059,1.0,6
81,0,15.296088690473336,11.90188871916466,27.17706432166519,22.441192265312672,11.90188871916466,1.0,6
81,1,46.53225124537339,41.656048701254726,144.9732610183605,72.89417128898877,41.656048701254726,1.0,6
81,2,47.74503285888282,45.71081265038146,29349.766156769867,171.94352809527766,45.71081265038146,0.16666666666666666,6
82,0,62.74656660668975,49.22349515775711,30311.462155098285,103.00489421408679,49.22349515775711,0.5,6
82,1,59.516373100003754,46.812891684315105,3456.6463147690456,67.89992270339039,46.812891684315105,0.8333333333333334,6
82,2,46.74162329373864,33.66921325344037,125.19766122455023,45.99542602781295,33.66921325344037,1.0,6
83,0,28.48889131868059,21.626447510966855,22.30148087300819,25.93548950813307,21.626447510966855,0.6666666666666666,6
83,1,59.90337548298174,58.40574635165553,225.0428738025159,99.8162749024325,58.40574635165553,1.0,6
83,2,33.65485263343353,29.395251298381606,67.82156507487204,46.42959471135515,29.395251298381606,0.8333333333333334,6
84,0,31.885980537554733,30.784168509168705,74.38548347886545,51.09088443027734,30.784168509168705,1.0,6
84,1,69.80959440540343,64.26913604887595,395.0811869937544,112.53929762869883,64.26913604887595,1.0,6
84,2,44.07101250845527,42.79104031242067,425.3757216828801,115.79507856741375,42.79104031242067,0.8333333333333334,6
85,0,55.26994319425293,41.11340428843988,38938.02706577469,102.68847707872217,41.11340428843988,0.5,6
85,1,48.9647093297498,39.59115627672322,25751.10984170071,91.30363235178702,39.59115627672322,0.6666666666666666,6
85,2,65.9028023776337,64.56866391362216,28114.087051498558,160.90689113862098,64.56866391362216,0.5,6
86,0,70.07170801056104,68.02941543653945,600.581360463006,132.63497357503223,68.02941543653945,0.16666666666666666,6
86,1,57.58267252882738,57.18658870264462,21480.34247471958,157.57748547946628,57.18658870264462,0.0,6
86,2,6.176457601967312,4.128977323820302,3385.888495088433,73.17493532084598,4.128977323820302,0.6666666666666666,6
87,0,23.66803295116267,21.093281290289877,23.932746588262336,23.579031970826538,21.093281290289877,0.8333333333333334,6
87,1,16.207938182922785,14.994440803316953,29.096470014177005,24.89140048898544,14.994440803316953,1.0,6
87,2,43.78914954338158,43.08651493962367,125.27207388533574,74.85530170343067,43.08651493962367,0.8333333333333334,6
88,0,51.085662609202636,46.522944636814394,40006.69984743279,144.56190246737933,46.522944636814394,0.8333333333333334,6
88,1,71.95333729948527,71.0679860810738,63.24642460344661,93.53820746681161,71.0679860810738,0.5,6
88,2,39.16370085794333,31.675354990129094,33.728814284376156,41.359606831269666,31.675354990129094,1.0,6
89,0,17.776817518737328,15.655048594120814,75.18688867723698,48.32879419879726,15.655048594120814,1.0,6
89,1,17.68469541981945,16.71189773639917,68.68982886578921,48.942964275663165,16.71189773639917,1.0,6
89,2,25.159583141012128,22.519414676320608,7889.32826917292,74.9161166945204,22.519414676320608,0.8333333333333334,6
90,0,41.245013937030926,39.85574843411926,123.6881263517865,74.86057847920843,39.85574843411926,1.0,6
90,1,35.92981896251844,35.54519247438045,107.8741304394208,69.6784821670123,35.54519247438045,1.0,6
90,2,26.117281620649152,22.911593609165546,373.82547582335036,71.39185635886086,22.911593609165546,0.6666666666666666,6
91,0,16.831222588251716,15.438889632526028,29.78223895041769,28.878932041224814,15.438889632526028,1.0,6
91,1,17.093557844166618,14.164567952643637,38.60348012844335,29.18217903806018,14.164567952643637,1.0,6
91,2,17.888563964559488,15.824252527691398,29.102613342942753,24.442608067507436,15.824252527691398,1.0,6
92,0,140.4534393496445,127.44844420301898,93187.66726865318,146.68877370905668,127.44844420301898,0.5,6
92,1,48.658978075424244,46.77687574085159,108.54156323975215,67.86391138642301,46.77687574085159,1.0,6
92,2,15.422873206622153,13.561087935674948,29.587712798711944,33.855150910130135,13.561087935674948,1.0,6
93,0,18.5602956056234,17.500701666062493,28.833986244181208,24.694978704636085,17.500701666062493,1.0,6
93,1,49.746761190390146,43.563426640496914,633.3444453450891,79.6127353982043,43.563426640496914,0.6666666666666666,6
93,2,20.215996187099037,19.224059850602103,37.48111533421905,30.826727955788343,19.224059850602103,1.0,6
94,0,53.28393965648846,51.544057872905306,12284.306754595857,96.7234919497057,51.544057872905306,0.5,6
94,1,12.546103739443101,11.625283281846274,12.617207587542731,12.76450770553482,11.625283281846274,1.0,6
94,2,52.19011390353912,41.01736958737476,26878.650182190002,91.14459651891251,41.01736958737476,0.6666666666666666,6
95,0,38.946770398100284,37.826058263697895,7325.576867332633,103.7477263347115,37.826058263697895,0.8333333333333334,6
95,1,56.83925372666917,55.98830070278018,91.49360085038641,59.842970364118905,55.98830070278018,0.8333333333333334,6
95,2,43.21769656766347,38.21798020497311,10421.93787249258,112.11827842977853,38.21798020497311,0.8333333333333334,6
96,0,51.76018157750017,50.39130348084442,12464.04563254547,99.33824553012658,50.39130348084442,0.8333333333333334,6
96,1,30.876232333906664,26.66603658168293,20167.132512986303,120.99480958616553,26.66603658168293,0.6666666666666666,6
96,2,61.70865983661374,60.083626250117675,3020.8046917115753,149.0751211608318,60.083626250117675,0.6666666666666666,6
97,0,82.50433322851998,81.66876979973205,299.2038071481142,110.26931315121541,81.66876979973205,1.0,6
97,1,36.0224664687613,29.6573488590461,92.13369624240947,51.16690750250634,29.6573488590461,1.0,6
97,2,53.46699999279565,45.37710222917976,14117.568013163096,90.46814824510285,45.37710222917976,0.8333333333333334,6
98,0,29.06440037079697,28.62551982673995,6754.3999672026885,142.91133137295554,28.62551982673995,0.5,6
98,1,20.362556956511348,18.33681758190663,66.91834883522549,104.00910720602623,18.33681758190663,0.6666666666666666,6
98,2,18.607422410685928,16.23016334364156,193.43776182359647,74.53908045915787,16.23016334364156,1.0,6
99,0,23.13337055331352,16.618275614877422,39.48425194359423,26.778381639942978,16.618275614877422,1.0,6
99,1,177.98932939923242,153.98137786208966,117406.82846313422,130.4968766332853,153.98137786208966,0.5,6
99,2,47.624967240190415,45.01602086492369,184.06858557105136,87.650546919738,45.01602086492369,1.0,6
100,0,40.45333082269854,37.440133602368455,93.35123089804699,59.75555570496163,37.440133602368455,1.0,6
100,1,67.15651924045785,65.74846921621734,28347.569425778256,144.82319209794022,65.74846921621734,0.5,6
100,2,47.69850897046992,43.00702680839651,30135.534512911414,135.72246501889555,43.00702680839651,0.3333333333333333,6
101,0,52.90717307417931,44.383689172496,13690.298837815131,79.2132986961541,44.383689172496,0.8333333333333334,6
101,1,23.30206725080188,19.59885579845742,39.861823704066765,31.106231108263643,19.59885579845742,1.0,6
101,2,44.57450465724603,43.52400452804997,86.17137188320768,59.4728849249894,43.52400452804997,1.0,6
102,0,28.737963000930193,28.601295317919874,123.52117282313615,75.64380495920527,28.601295317919874,0.8333333333333334,6
102,1,35.85371882298075,35.71091365553825,275.75283142882853,113.90796920766412,35.71091365553825,0.0,6
102,2,19.849048668375644,19.746383113425768,287.2000019280775,111.62358117785642,19.746383113425768,0.0,6
103,0,0.5935821736536174,0.5081909690028529,23.693672065891587,21.04830834733332,0.5081909690028529,1.0,6
103,1,1.6968901750450485,1.522185966991028,133.90116623279394,72.14084557422468,1.522185966991028,1.0,6
103,2,1.0932187367412187,1.0523768065139192,111.49637545076693,70.49426766337484,1.0523768065139192,0.8333333333333334,6
104,0,110.0692196007604,83.07276906080232,58701.56017172741,86.76701763002522,83.07276906080232,0.6666666666666666,6
104,1,19.836974609100597,14.812850563504432,18.076267850780557,15.276122046584781,14.812850563504432,1.0,6
104,2,13.687773305785802,10.870591692543051,8.916987921323665,8.337247254804621,10.870591692543051,1.0,6
105,0,31.03127938479889,28.127325422788598,51.44685933681791,37.77967785716802,28.127325422788598,1.0,6
105,1,37.9404603427853,34.086393513718384,9257.211719241985,79.96725843069903,34.086393513718384,0.6666666666666666,6
105,2,34.431527711129824,32.24117663596676,60.88022780984957,42.29497420476549,32.24117663596676,1.0,6
106,0,23.610554071438457,20.24270882181649,74.78735208742307,48.47372058766291,20.24270882181649,0.8333333333333334,6
106,1,36.86560618441188,35.52069513065843,465.4485027899731,110.97540218963464,35.52069513065843,0.5,6
106,2,9.017900489377613,6.14897184554205,19.816276999798664,15.701000201950308,6.14897184554205,1.0,6
107,0,58.58562764487266,47.05683557045726,16271.33476992125,83.5780984531119,47.05683557045726,0.6666666666666666,6
107,1,15.649220997939171,13.5143902617449,15.935689368926539,14.668894118286103,13.5143902617449,1.0,6
107,2,30.280105034914524,21.3742127875871,57.39109690387573,34.13546487348613,21.3742127875871,1.0,6
108,0,16.778098955634302,16.593490890854905,151.73353356818185,84.5946739768953,16.593490890854905,1.0,6
108,1,23.800590686911107,23.685629624626866,18058.50430876534,197.8464004814477,23.685629624626866,0.0,6
108,2,9.844332461357086,8.560500724886495,364.146417459394,92.52880647295918,8.560500724886495,1.0,6
109,0,110.48889372937484,107.12345584103782,76625.72633486257,173.4874741993278,107.12345584103782,0.16666666666666666,6
109,1,59.09395862711506,52.9611038474871,16580.4081475279,79.76102101209047,52.9611038474871,0.8333333333333334,6
109,2,21.12240510016976,18.84270418364878,30.964399823656834,38.47433876561744,18.84270418364878,1.0,6
110,0,80.77999514689893,78.93867345610853,59357.81701366763,163.11968543150456,78.93867345610853,0.3333333333333333,6
110,1,36.6833621197587,34.66072128880671,7456.1058416509995,130.33770732754942,34.66072128880671,0.6666666666666666,6
110,2,59.180531248340216,54.06887954297798,15583.687824841883,123.03829040069022,54.06887954297798,0.8333333333333334,6
111,0,44.30073346721493,42.11229491646887,103.55906196430821,61.56193411105444,42.11229491646887,0.6666666666666666,6
111,1,44.883894219769175,31.24172652962972,17010.53000727078,48.68046029231508,31.24172652962972,0.8333333333333334,6
111,2,72.91962291386533,72.67752400635376,272.5196618085855,114.15323831468062,72.67752400635376,1.0,6
112,0,36.303985470692034,35.42266659745902,62.415382721427235,46.8366837496207,35.42266659745902,1.0,6
112,1,41.4036941624724,36.67111320875342,9886.47422719671,104.36564994458134,36.67111320875342,0.5,6
112,2,62.14843061580808,60.74405806349629,766.6062624846514,114.6852752297483,60.74405806349629,0.6666666666666666,6
113,0,6.9412277508854965,5.817625007188312,9.105729968051994,8.564337483614109,5.817625007188312,1.0,6
113,1,12.031072573671707,8.952922833499978,12.939697603263134,11.595242199004664,8.952922833499978,1.0,6
113,2,5.599790855560552,5.027201206890131,6.620361734655974,6.774410389374825,5.027201206890131,1.0,6
114,0,32.6070841803584,23.44072593212576,28.562589350920568,22.33701032837195,23.44072593212576,1.0,6
114,1,71.93392046125099,66.76179120134543,17285.656916250642,92.85121352572465,66.76179120134543,0.5,6
114,2,61.178416873546276,48.490606791882875,4218.472474738714,82.93345348939475,48.490606791882875,0.6666666666666666,6
115,0,64.23137861057616,58.200090709317315,154.24893292306646,58.85693395363767,58.200090709317315,0.8333333333333334,6
115,1,109.066596955896,105.33496131173801,46890.24923950052,123.21914338348996,105.33496131173801,0.5,6
115,2,86.24355365764985,84.36597730691106,1688.4714630815974,113.58424805418782,84.36597730691106,0.8333333333333334,6
116,0,13.041622402799206,11.26844061914258,8.17038366861429,7.75822944200958,11.26844061914258,1.0,6
116,1,60.47962468678868,45.90488479425721,168.82797407901214,45.8458880833481,45.90488479425721,0.8333333333333334,6
116,2,83.47485534802918,83.44127968074521,121.63295964173315,75.51741504111442,83.44127968074521,1.0,6
117,0,18.505966393715777,14.943252768708469,31.25614548672271,25.380723344290047,14.943252768708469,1.0,6
117,1,34.76516093683627,33.30273571114657,7522.482764736435,79.68783530361682,33.30273571114657,0.8333333333333334,6
117,2,27.78344101530967,23.94961825196394,6619.6911964414685,89.89503581406525,23.94961825196394,0.8333333333333334,6
118,0,20.75698467547406,19.24325026250903,19.118356454993567,17.20036571688107,19.24325026250903,1.0,6
118,1,54.789040141534706,53.757652569315205,67.07838876609378,49.75720207974593,53.757652569315205,1.0,6
118,2,23.164212271070635,20.39430114820639,25.727719804196024,21.931128238959356,20.39430114820639,1.0,6
119,0,24.229141418507922,16.66576523447331,37.63346094302957,24.815825606607593,16.66576523447331,1.0,6
119,1,44.446393247432425,44.25907514399449,85.85794290174493,59.24773746565829,44.25907514399449,1.0,6
119,2,47.71447135354075,47.51845842114071,114.88831541154909,72.44021554714303,47.51845842114071,1.0,6
120,0,15.838666549971515,14.621396447993476,15.65187540142142,14.84231789120996,14.621396447993476,1.0,6
120,1,19.837306331802363,16.539996301336817,19.16163779750296,16.605826353717656,16.539996301336817,1.0,6
120,2,31.444459937702867,25.409299492639246,42.00806945744853,30.290618261731268,25.409299492639246,1.0,6
121,0,19.692398199672184,19.539204880275435,68.09480610301422,50.63419270514012,19.539204880275435,1.0,6
121,1,28.79246631094231,27.363431277462183,116.87073663564964,70.76136571996373,27.363431277462183,1.0,6
121,2,36.52461721568542,36.241995752423385,199.41825476900766,99.13439998598275,36.241995752423385,1.0,6
122,0,23.821279643472703,22.33302260082454,44.962950747742504,37.2975846178131,22.33302260082454,1.0,6
122,1,51.456782725724096,37.98593130108535,15563.221680806106,72.73698366716826,37.98593130108535,0.8333333333333334,6
122,2,40.82999513387019,33.536531404480556,11081.031738031841,86.98434066676607,33.536531404480556,0.8333333333333334,6
123,0,38.99764003591662,31.622695079618314,13056.07151766579,63.27950172478553,31.622695079618314,0.8333333333333334,6
123,1,61.937870794436776,51.019091512891386,939.0606959193173,71.35445183951154,51.019091512891386,0.8333333333333334,6
123,2,18.886101816585473,18.392280865703082,39.86986772234455,32.889263219821615,18.392280865703082,1.0,6
124,0,27.345935398191624,23.242727773735634,36.052588192602,30.115391362571042,23.242727773735634,0.8333333333333334,6
124,1,56.974020953346695,56.07216859517871,709.8823150614229,100.60727882310718,56.07216859517871,0.8333333333333334,6
124,2,16.092999908204874,12.067570658321765,26.780055851080736,21.49869520558876,12.067570658321765,1.0,6
125,0,38.44512579035751,38.02579026285659,84.58336054614409,59.0826157828647,38.02579026285659,1.0,6
125,1,55.36627033264373,51.7182357213288,11575.716109338922,113.36387594977131,51.7182357213288,0.16666666666666666,6
125,2,2.7106256298373,1.9602979076106852,3.7618621687416747,3.728899407965488,1.9602979076106852,1.0,6
126,0,63.123390468911126,59.49948242701286,171.50788226746084,83.66947909692604,59.49948242701286,1.0,6
126,1,51.96217001816753,41.395074194370274,65.53251417631996,45.84292486186707,41.395074194370274,1.0,6
126,2,17.037740617224244,15.468520197212927,20.47222041302738,20.39939380278607,15.468520197212927,1.0,6
127,0,17.367138876864203,16.685664381011023,62.890346705597224,46.41684373824278,16.685664381011023,1.0,6
127,1,19.246861204222963,19.09469381691086,98.89336614680508,65.7561295147204,19.09469381691086,1.0,6
127,2,21.10982717258787,21.07617669170246,115.2481141593455,73.04843894815436,21.07617669170246,1.0,6
128,0,44.71559014786846,44.625801632958776,185.71497470501964,94.48969432785307,44.625801632958776,0.16666666666666666,6
128,1,38.68080457500576,38.50159933063884,186.2331670720084,95.93918812274308,38.50159933063884,0.3333333333333333,6
128,2,25.419072907424333,25.184816546031346,135.3728663617099,80.36633801770513,25.184816546031346,1.0,6
129,0,58.15528864989308,55.519365137868114,142.66960241073062,75.63143019676635,55.519365137868114,0.8333333333333334,6
129,1,48.475961771435756,40.9399068433705,15443.470442084927,71.79622287439206,40.9399068433705,0.8333333333333334,6
129,2,38.70327473212814,28.46574954973659,387.11209566390596,61.77324101389193,28.46574954973659,0.6666666666666666,6
130,0,58.92181308566254,54.885054819314654,34436.56453735497,151.30219846537975,54.885054819314654,0.5,6
130,1,25.40198517959647,18.410959061635612,8018.552489156876,51.70009739643394,18.410959061635612,0.8333333333333334,6
130,2,18.526205212345783,16.76073312059154,27.391259815672697,27.54648406224829,16.76073312059154,0.8333333333333334,6
131,0,29.316228500009366,28.82010741027092,55.38289612250232,43.15288868014927,28.82010741027092,1.0,6
131,1,51.21400380823271,42.09417567016664,14492.93349377728,80.88054951654905,42.09417567016664,0.6666666666666666,6
131,2,15.521996047440778,12.606214784391176,21.089145938005537,18.058383684587888,12.606214784391176,1.0,6
132,0,38.03337987957451,33.79117940241011,9002.657726069936,101.87239166147054,33.79117940241011,0.6666666666666666,6
132,1,21.00765831986425,18.231039457864586,5045.785835452942,83.94396499713554,18.231039457864586,0.8333333333333334,6
132,2,25.218641961734132,18.290162701408914,75.28346435023701,45.31819239647572,18.290162701408914,1.0,6
133,0,39.18390385638325,33.51565070097555,119.19930138829847,131.88790129141623,33.51565070097555,0.8333333333333334,6
133,1,21.416240661591765,19.791615115696118,39.831998765363295,31.828854549911036,19.791615115696118,1.0,6
133,2,18.543332933360777,16.82557038311123,90.74702897906126,56.53163023181652,16.82557038311123,1.0,6
134,0,26.921848121323585,19.378060581870475,9439.146712834987,69.96605602992493,19.378060581870475,1.0,6
134,1,27.70166505308026,22.337922047500857,30.855435332913782,39.246745737183524,22.337922047500857,1.0,6
134,2,43.49269653524207,40.04305930545021,62.90725463019582,46.64048637816818,40.04305930545021,1.0,6
135,0,5.482694730466603,4.574904535206751,6.167288169545858,6.453689546122619,4.574904535206751,1.0,6
135,1,36.22588060185271,27.840352426740726,143.84128996040005,55.21167238715089,27.840352426740726,0.8333333333333334,6
135,2,23.66154613874178,22.925361141173923,42.312660645488705,34.434045268777716,22.925361141173923,1.0,6
136,0,47.31151154858853,37.9156114066655,16534.70909856358,54.36515344081847,37.9156114066655,0.16666666666666666,6
136,1,18.92358736648347,17.40166445021303,22.85799244908057,19.781555926254423,17.40166445021303,1.0,6
136,2,41.39822789706436,40.44814443178,67.85590309868293,49.803714963802825,40.44814443178,1.0,6
137,0,15.609016396157497,12.638348749153854,18.72141344524639,21.687597741740284,12.638348749153854,1.0,6
137,1,22.72149832671671,20.087723111644625,30.904108808978375,29.761608684924525,20.087723111644625,1.0,6
137,2,12.66612212586921,10.825355324263436,15.966095570244617,14.474942331483156,10.825355324263436,1.0,6
138,0,38.68912193779462,36.0209742733656,118.82260534113622,70.98667418717987,36.0209742733656,1.0,6
138,1,22.261992451921788,17.960700743180436,77.7946837129329,48.21946654478919,17.960700743180436,1.0,6
138,2,22.986483179064052,22.179355619344495,79.93190483457086,56.26618960941981,22.179355619344495,1.0,6
139,0,11.397326858000081,8.832252692069906,5.78703991252267,5.746312997912035,8.832252692069906,1.0,6
139,1,66.66916653413935,56.23659248793545,84.29151205660422,49.58960363911304,56.23659248793545,1.0,6
139,2,115.07908814300549,113.2606081514802,26005.31074915435,107.40671483409623,113.2606081514802,0.6666666666666666,6
140,0,25.963372142910615,25.823819857556554,35.868294159847736,30.38136838043365,25.823819857556554,1.0,6
140,1,24.297362186040857,24.038358777610373,37.865040045933895,31.70882847638032,24.038358777610373,1.0,6
140,2,37.32717348341863,35.76227627579634,65.36126989186656,48.1888104200604,35.76227627579634,1.0,6
141,0,32.582992379677336,19.66822677714504,48.94055917886326,29.02141219840237,19.66822677714504,1.0,6
141,1,65.74138796839922,62.9794341558276,270.6140820352868,102.91055116894256,62.9794341558276,1.0,6
141,2,57.99689014663668,57.25349135327618,12278.443215523726,151.5243772882495,57.25349135327618,0.3333333333333333,6
142,0,10.174913524828746,7.9842490066001135,3474.3372105452513,65.82529615017543,7.9842490066001135,0.8333333333333334,6
142,1,19.36208444521984,18.618892773881175,7876.873956532225,148.98155504169185,18.618892773881175,0.5,6
142,2,4.849666275215233,4.600029454628477,104.46403111083858,63.62166438083445,4.600029454628477,1.0,6
143,0,63.36074768886746,56.041953779835445,17536.547056633128,100.00487517353966,56.041953779835445,0.6666666666666666,6
143,1,16.818786576256215,13.640230950198154,22.477587945402234,19.250856352801375,13.640230950198154,1.0,6
143,2,56.10448686727534,47.87332220501898,28860.634246015576,96.21567240475369,47.87332220501898,0.6666666666666666,6
144,0,18.244991210771758,16.273735925952547,26.93414597137769,23.01614506661277,16.273735925952547,1.0,6
144,1,37.78083283986734,30.945157131505894,11278.365103858012,76.81166143183205,30.945157131505894,0.6666666666666666,6
144,2,65.6941175372369,63.262757567079795,28698.366652345845,143.42941261839803,63.262757567079795,0.5,6
145,0,14.583613764650524,12.214574743063528,9.632977088854728,9.020670287739108,12.214574743063528,1.0,6
145,1,28.01253739350063,20.454371483436876,27.868963665439487,21.46926369839966,20.454371483436876,1.0,6
145,2,95.3054357612999,95.00858656264836,202.7083984719422,100.62627465867473,95.00858656264836,0.6666666666666666,6
146,0,77.39931805615744,75.88037470374907,45000.86873991254,149.4008629073372,75.88037470374907,0.3333333333333333,6
146,1,56.84648359070209,54.841441140555965,54.142938018408,76.0983416888819,54.841441140555965,0.5,6
146,2,61.798622474443434,54.65968966377209,38675.35863350638,134.93974639397155,54.65968966377209,0.8333333333333334,6
147,0,27.597907261544385,21.81073340763487,8442.991141542452,68.60680335489695,21.81073340763487,0.8333333333333334,6
147,1,35.966246497146805,32.70292090098965,643.7261132755974,76.14623038912845,32.70292090098965,1.0,6
147,2,24.43641925883135,19.89167499366529,34.200701220894516,30.709309992381336,19.89167499366529,0.8333333333333334,6
148,0,61.427926527734556,39.17276106891831,2122.7110389729687,108.18258011692595,39.17276106891831,0.5,6
148,1,84.64660332819616,72.75018808592549,9190.05614671345,142.68076234441392,72.75018808592549,0.16666666666666666,6
148,2,32.08668796593206,29.07464860409947,50.63029212964602,62.285163325884575,29.07464860409947,1.0,6
149,0,53.501519498324896,53.03159257529234,10754.173350090361,110.11043661845379,53.03159257529234,0.8333333333333334,6
149,1,34.33598950401849,31.384735102826994,20623.660972788824,133.10951228750272,31.384735102826994,0.5,6
149,2,35.91795450132354,33.13597245607576,8245.697042436877,96.44503894928258,33.13597245607576,0.8333333333333334,6
150,0,50.58672346273874,44.973292708425795,31636.664885135924,140.31469094723874,44.973292708425795,0.3333333333333333,6
150,1,55.67239142497694,49.87430985526603,766.0689170147946,103.19997380216839,49.87430985526603,0.6666666666666666,6
150,2,29.64872208136614,27.16382289802252,7308.9348644573665,114.17241996053589,27.16382289802252,0.8333333333333334,6
151,0,119.27906202310666,114.44767397795592,49504.83972616801,138.0907061097642,114.44767397795592,0.5,6
151,1,33.61694628919326,24.563909526826563,277.7894550091142,42.604947134949086,24.563909526826563,0.8333333333333334,6
151,2,87.45518584261522,77.352358143065,19162.215232902872,135.7700569464648,77.352358143065,0.6666666666666666,6
152,0,14.103641424687254,13.869028315575932,55.64891647483008,43.299102155757566,13.869028315575932,1.0,6
152,1,21.204040994023526,20.808837591866435,98.63353899936644,65.42694417713565,20.808837591866435,1.0,6
152,2,17.465870900907642,17.396491887233076,100.89100373283217,66.72061462580388,17.396491887233076,1.0,6
153,0,10.027948521963317,8.180781014518539,14.420816488667324,12.940024235838376,8.180781014518539,1.0,6
153,1,32.5303393332632,31.84043546544531,59.59883789573694,45.2448001747996,31.84043546544531,1.0,6
153,2,36.69272632375322,35.624588366254805,87.4976602444213,58.31680231706834,35.624588366254805,0.8333333333333334,6
154,0,26.081584395729756,25.846146177981268,38.47845451953884,32.13079810268534,25.846146177981268,1.0,6
154,1,38.50210622831667,37.93185367059042,62.47836264957654,47.18583555114995,37.93185367059042,1.0,6
154,2,30.182196224615947,29.554158892795915,51.62437532633612,40.42837203298039,29.554158892795915,1.0,6
155,0,18.105879546692652,18.01628670280866,41.59117268707217,34.22444420552832,18.01628670280866,1.0,6
155,1,39.49774819742249,36.89964394506479,1157.039153366747,94.27583638381437,36.89964394506479,0.5,6
155,2,38.712977666409515,30.3552094554499,19662.567443657364,90.73244476346774,30.3552094554499,0.6666666666666666,6
156,0,21.25937220461332,20.995681230977695,32.810055163408826,28.125697195144035,20.995681230977695,1.0,6
156,1,34.898512276079295,33.933971199421265,68.441412044786,49.52682175700664,33.933971199421265,0.8333333333333334,6
156,2,65.59446901451558,56.400540739140915,30889.468385872635,112.49553153770331,56.400540739140915,0.5,6
157,0,39.61388410473872,38.57508176917019,64.24098077846888,47.886934801252565,38.57508176917019,1.0,6
157,1,12.341147754573827,10.73538243462051,18.251058487781403,16.383961499263904,10.73538243462051,1.0,6
157,2,41.052916139686346,40.69380143167584,78.14952193210036,55.94307531289361,40.69380143167584,1.0,6
158,0,34.91169936033455,29.53775970619398,9624.496571349657,69.4342272863321,29.53775970619398,1.0,6
158,1,30.511868010637386,22.843741304078748,155.53013367565717,44.503490638061336,22.843741304078748,1.0,6
158,2,12.943929051699001,10.786780649438194,19.737637389508002,17.16673762642825,10.786780649438194,1.0,6
159,0,27.75268056147943,23.852443817296024,30.356616152305925,25.293605081557708,23.852443817296024,1.0,6
159,1,38.79770155627743,35.35257734391795,57.01605639334561,41.00024485474536,35.35257734391795,1.0,6
159,2,66.98929544468143,62.95292246057033,1008.815251741011,107.29816921497111,62.95292246057033,0.6666666666666666,6
160,0,63.1980220860209,61.580828820074736,179.97551469418244,92.06494855892498,61.580828820074736,0.5,6
160,1,45.30650067729111,41.556787657082715,12313.526711304885,90.36270463381753,41.556787657082715,0.6666666666666666,6
160,2,30.971532432703174,23.218511187755464,22.399627467309827,27.738710939727273,23.218511187755464,1.0,6
161,0,22.181263300425243,20.86507691019825,64.57602558289088,58.17747499161797,20.86507691019825,1.0,6
161,1,57.61781515360046,51.26106650287355,14177.296527548446,161.30308494829166,51.26106650287355,0.6666666666666666,6
161,2,25.694631896160832,20.74894342371032,69.12526553331467,55.3148384681572,20.74894342371032,1.0,6
162,0,37.74826985630993,32.91392593043857,164.27391873631453,86.80940802209335,32.91392593043857,0.8333333333333334,6
162,1,33.50952147616968,28.569244719003734,92.17285670153376,64.11343624045637,28.569244719003734,0.8333333333333334,6
162,2,32.35958151980682,29.35852607256116,118.28681856404131,65.74814566780708,29.35852607256116,1.0,6
163,0,60.06134962166683,58.560089765219345,41699.406509630084,178.26335071485576,58.560089765219345,0.16666666666666666,6
163,1,61.607338546216845,56.51005818961949,26154.246937695207,111.89245535781829,56.51005818961949,0.5,6
163,2,19.727046560108587,14.53142400916714,60.09425311006964,35.61218575162966,14.53142400916714,1.0,6
164,0,25.988435467758563,17.340183697709968,27.90105676936509,20.178540502445365,17.340183697709968,1.0,6
164,1,22.765367838618864,17.60562696057785,31.83526277804507,24.949608773940756,17.60562696057785,1.0,6
164,2,45.84387806472871,45.57780673171348,115.10162916900633,72.22393676497889,45.57780673171348,1.0,6
165,0,31.0072847057973,29.775294251316428,44.2669386986063,35.74302884172263,29.775294251316428,1.0,6
165,1,49.68926102220314,38.8144255832573,25375.01365332961,89.77867395071928,38.8144255832573,0.6666666666666666,6
165,2,34.71414064360211,22.645147017873242,101.12430008588196,36.461573396618704,22.645147017873242,1.0,6
166,0,24.64888668700585,24.178472042263156,33.79459306847076,28.596556890519604,24.178472042263156,1.0,6
166,1,66.75834897531155,61.56706009161001,18826.055639231115,83.20238158601448,61.56706009161001,0.8333333333333334,6
166,2,64.96034095827075,59.57840610654366,18285.337644679603,110.77416114131505,59.57840610654366,0.5,6
167,0,67.80062440740043,67.43742371677088,104.14811525344776,67.71719697223602,67.43742371677088,1.0,6
167,1,89.5704284264594,82.94141240991237,22666.172362532656,125.4770049597417,82.94141240991237,0.5,6
167,2,34.95982633445931,34.626762553841374,75.96103101994913,54.84919072989152,34.626762553841374,1.0,6
168,0,56.453324160966154,42.80494845005635,39731.47405652457,104.44363777105615,42.80494845005635,0.5,6
168,1,46.92396371821718,43.431961712886846,93.72133800188827,56.95921771381659,43.431961712886846,1.0,6
168,2,39.11463553464579,36.71855038492845,128.09351552380573,67.43765293789986,36.71855038492845,1.0,6
169,0,85.13073641026604,76.69331324523743,2585.920600633375,106.5571533982358,76.69331324523743,0.5,6
169,1,59.966903447355705,58.65156650374673,86.72282141655417,59.55002814351866,58.65156650374673,1.0,6
169,2,51.1409677958086,46.29104900972329,91.73405251481897,55.185071281951224,46.29104900972329,1.0,6
170,0,40.971296238003006,39.49577858849168,202.41775256080706,97.84805726965439,39.49577858849168,1.0,6
170,1,130.90703781397136,123.51094531811337,1552.4318992750061,163.27637224334205,123.51094531811337,0.3333333333333333,6
170,2,12.906610111060242,12.255484159686615,207.59742652047564,94.07231109688342,12.255484159686615,0.8333333333333334,6
171,0,52.026365444414694,51.70405183531229,53.07118254334194,72.39455871972925,51.70405183531229,1.0,6
171,1,37.981358071074865,35.86386394655869,9819.45281784625,73.58917448670344,35.86386394655869,0.8333333333333334,6
171,2,36.49780241833935,22.41109854163547,14202.965944177706,42.95559843445222,22.41109854163547,0.8333333333333334,6
172,0,44.74908585695236,44.627750281101044,86.69501721513461,60.26992466296009,44.627750281101044,1.0,6
172,1,52.48713456003829,52.23802171781822,160.543874363743,88.36890081067855,52.23802171781822,0.0,6
172,2,54.55752322982012,52.79105198542086,220.4953905753557,92.68600548974747,52.79105198542086,0.6666666666666666,6
173,0,20.672481431661954,20.269751755184487,55.31797661432606,42.92807957522077,20.269751755184487,1.0,6
173,1,18.927666934044222,17.221212718007887,72.25328837719994,47.07629588954039,17.221212718007887,0.8333333333333334,6
173,2,21.181916546575174,20.919860370110595,80.00024139564208,56.97617119762182,20.919860370110595,1.0,6
174,0,37.31152360424822,34.249163768770664,138.49403839136158,71.03084262416985,34.249163768770664,1.0,6
174,1,38.21742727582828,28.48783994173803,20111.74737471971,86.39379396817533,28.48783994173803,0.6666666666666666,6
174,2,20.614446068531716,11.27603643524882,192.64864800923843,34.33363373357865,11.27603643524882,0.8333333333333334,6
175,0,61.30591973054335,55.41071709209637,139.17778815881007,67.61779671948966,55.41071709209637,0.5,6
175,1,76.11281836296645,70.68252952231059,179.68366725404027,80.01660949420433,70.68252952231059,0.5,6
175,2,74.25603926051225,72.8820538952817,188.40208955431095,90.12967609077761,72.8820538952817,0.8333333333333334,6
176,0,42.54495997501699,39.85954309241166,71.90837237196847,50.04144078119348,39.85954309241166,1.0,6
176,1,43.1513886467219,39.189064615520316,96.1113755177031,55.70072040290276,39.189064615520316,0.5,6
176,2,50.14772932676372,48.73534400513159,156.56149693299798,83.58633963417587,48.73534400513159,0.3333333333333333,6
177,0,18.619540656884098,15.553945558094197,15.660255442659981,17.021967045688577,15.553945558094197,1.0,6
177,1,77.10272036906886,69.27680723991237,16479.14103623937,124.83435571449087,69.27680723991237,0.3333333333333333,6
177,2,84.2711626414719,83.74035322029914,311.90899677501716,117.37892866505193,83.74035322029914,1.0,6
178,0,22.33095610250788,20.839426117070825,36.39641240566067,30.03638673005435,20.839426117070825,1.0,6
178,1,10.912726415925272,10.109532425804614,15.038228471512157,14.735308450086263,10.109532425804614,1.0,6
178,2,55.44390250401552,42.09080853593914,621.4374320313577,83.99780611026489,42.09080853593914,0.5,6
179,0,33.11078121146517,27.59021096970763,51.36621419420047,79.30591144295353,27.59021096970763,0.6666666666666666,6
179,1,46.58421039872037,43.29038132148033,74.68634325269785,133.0888135630183,43.29038132148033,0.5,6
179,2,49.9576346893618,41.217074914653175,68.85348038135645,46.883762379974655,41.217074914653175,1.0,6
180,0,22.721791379447478,20.406469583135447,18.817445367602083,19.32627219001002,20.406469583135447,1.0,6
180,1,16.376742080301213,14.782282755705372,15.920461298078836,14.7307947794027,14.782282755705372,1.0,6
180,2,57.503533077204644,54.07676700449512,112.83629049066106,60.95620040471788,54.07676700449512,1.0,6
181,0,69.53078328678566,63.711564819560685,33.052216679404374,40.67207851241791,63.711564819560685,0.5,6
181,1,16.22995980081823,15.56899946933323,10.922837494941533,10.427736602570372,15.56899946933323,1.0,6
181,2,14.71823416354074,13.403728374834182,11.371291017813085,10.620462508342374,13.403728374834182,1.0,6
182,0,22.808932959354117,18.09702333176215,111.42965748373722,47.02315289529867,18.09702333176215,0.8333333333333334,6
182,1,37.798499167792016,33.466686137522174,9554.212005593206,102.66670762155536,33.466686137522174,0.6666666666666666,6
182,2,28.82120180803018,26.039036150949944,209.79102235395555,80.20628357792795,26.039036150949944,1.0,6
183,0,13.029916355169348,10.281326618725945,15.112349874668807,13.57699860057193,10.281326618725945,1.0,6
183,1,31.695042028623433,31.09911275545599,48.15645522810152,38.5882877470668,31.09911275545599,1.0,6
183,2,34.175143198632405,33.78969947067794,58.3877416420146,44.92739621455821,33.78969947067794,1.0,6
184,0,8.064540786037577,7.874395205037282,117.55446930999176,72.93567945306381,7.874395205037282,1.0,6
184,1,5.100499673336915,5.057513054089279,100.79651099151936,66.24243614550367,5.057513054089279,1.0,6
184,2,6.934399384693775,6.832543997019866,208.8700948763396,99.27662234459024,6.832543997019866,1.0,6
185,0,40.285313405115886,33.00869418380501,97.15126443161296,54.8382216015419,33.00869418380501,0.5,6
185,1,56.413761105479225,54.393699039029265,170.89842362880384,79.74013474287564,54.393699039029265,0.6666666666666666,6
185,2,55.48197576814485,53.48334536672042,12878.287810136493,101.33158832822345,53.48334536672042,0.6666666666666666,6
186,0,80.68769971783848,73.24508945690211,62.74283815020748,95.58845222515802,73.24508945690211,0.3333333333333333,6
186,1,64.05075924389378,54.50165249239035,18083.646667983397,77.95136333946617,54.50165249239035,0.8333333333333334,6
186,2,39.6552178472222,36.22980877962886,10534.280101840897,77.75585826864395,36.22980877962886,1.0,6
187,0,38.47371017224963,37.3947318943593,76.99966446946345,53.99376212406405,37.3947318943593,1.0,6
187,1,30.594083829732373,29.00234692707386,48.95937288830872,38.62751411327277,29.00234692707386,1.0,6
187,2,39.54343873094568,31.29261986289195,11562.702790395831,80.06937264828849,31.29261986289195,0.6666666666666666,6
188,0,35.9457292354566,33.46530791707698,139.23296084228,71.64946866685916,33.46530791707698,1.0,6
188,1,47.47663291769892,45.601912849982206,9281.713272194609,108.39387809103454,45.601912849982206,0.8333333333333334,6
188,2,26.796653587557316,22.016235216451935,68.0538656031413,42.30445293976184,22.016235216451935,1.0,6
189,0,35.50080855057975,32.6775181663403,1182.884012738458,89.06714087732009,32.6775181663403,0.8333333333333334,6
189,1,20.320658445808014,15.304728544713761,44.10988388192721,33.65295456298006,15.304728544713761,1.0,6
189,2,32.5889691905983,27.363434538600895,113.23602549645082,57.689441561557764,27.363434538600895,1.0,6
190,0,25.565538706394264,21.777955343410202,21.952062999804543,19.856553426588043,21.777955343410202,1.0,6
190,1,65.09663703960118,58.35475208976783,295.7142159306548,64.82185839059179,58.35475208976783,0.8333333333333334,6
190,2,21.891092565029723,16.737217905858085,12.291883462850633,13.273438747014337,16.737217905858085,0.8333333333333334,6
191,0,45.293073701768016,40.317060458340784,29.429461882922354,30.38671521482709,40.317060458340784,1.0,6
191,1,76.171268368908,67.05165960385737,50.497919576042925,38.74593855956803,67.05165960385737,1.0,6
191,2,72.65267238634188,72.39396221125237,68.01969153601148,50.58922476518527,72.39396221125237,1.0,6
192,0,19.12690956183238,18.898343592328526,55.03182299837294,42.63092668145035,18.898343592328526,1.0,6
192,1,29.66880620147499,29.44124325803934,124.12073492130695,75.83834113203338,29.44124325803934,1.0,6
192,2,31.078918109895415,31.000257756049347,206.24639709526372,98.79719714890958,31.000257756049347,0.0,6
193,0,20.950942009110367,17.780685918999858,18.2431527889362,16.243311090528643,17.780685918999858,1.0,6
193,1,39.44534972941628,35.44850461740308,41.52340793241998,47.493480055267604,35.44850461740308,1.0,6
193,2,82.80870553878816,81.50508786305134,138.77086245658236,81.72778736570905,81.50508786305134,1.0,6
194,0,1.0231307125619729,0.8454478480577142,334.36684631645903,67.18173100904411,0.8454478480577142,0.8333333333333334,6
194,1,0.46389771510171024,0.36644960212427025,28.490895819824285,23.666725539143062,0.36644960212427025,1.0,6
194,2,0.9650565351099732,0.8993668703838983,98.96647312899222,61.72504017259504,0.8993668703838983,1.0,6
195,0,22.50823572975567,21.310397267667398,92.2571279848504,58.318092411309216,21.310397267667398,1.0,6
195,1,22.986610427724433,22.84354429846293,69.27295236745294,51.23709080058635,22.84354429846293,1.0,6
195,2,15.00634234898037,13.302814590382846,45.2839329393852,34.91576574039442,13.302814590382846,1.0,6
196,0,44.81718786978011,36.965248690337745,74.80649987862536,42.13045330466294,36.965248690337745,1.0,6
196,1,53.287659747577266,35.9968843186061,17607.392528242715,49.94559574738262,35.9968843186061,0.6666666666666666,6
196,2,20.62337350811643,18.884974073608014,19.462149953342344,17.37578712025231,18.884974073608014,1.0,6
197,0,51.64947993867275,39.5416422882009,70.50128468158037,38.850628886641076,39.5416422882009,1.0,6
197,1,74.56392473480912,67.35909123383506,19623.993427903108,88.99360149716857,67.35909123383506,0.6666666666666666,6
197,2,53.13214498356464,52.660896547630166,78.63551271169054,55.62394267747881,52.660896547630166,1.0,6
198,0,54.14379316903619,47.91036612730725,44.668467355626646,62.61388546693761,47.91036612730725,0.8333333333333334,6
198,1,65.16715235016906,54.19179459886394,41.79914165921249,60.018625857880494,54.19179459886394,1.0,6
198,2,16.795823420075173,14.924359788363775,15.308744417215395,13.980042231719732,14.924359788363775,1.0,6
199,0,38.593653559745086,32.30060474206059,43.79702678079088,34.217882956425285,32.30060474206059,1.0,6
199,1,20.907599274827973,15.282820352866723,21.61411384059146,18.925479161148587,15.282820352866723,1.0,6
199,2,32.706740134328776,31.985908223787607,51.87956311736396,40.77332177621347,31.985908223787607,1.0,6
200,0,24.48445093506535,16.142517679458447,9.04399777380891,9.936829061135368,16.142517679458447,0.8333333333333334,6
200,1,12.312984429703604,10.657923856588317,8.023820907042193,7.640445300715662,10.657923856588317,1.0,6
200,2,85.32777821000586,74.67015417371276,25974.762725996366,72.87458478266822,74.67015417371276,0.8333333333333334,6
201,0,12.569921035493449,12.523966406222932,119.47950374008161,74.59154540777966,12.523966406222932,1.0,6
201,1,11.015120442673934,10.824828818904223,118.48797074293064,73.26744413862171,10.824828818904223,1.0,6
201,2,9.104080555305487,9.025600920017347,135.2221385413718,78.78680598456391,9.025600920017347,0.3333333333333333,6
202,0,74.24781851005248,66.47354083358427,50.98860419965362,61.25134844414061,66.47354083358427,1.0,6
202,1,60.372702215863406,46.70498995655756,35.893650669342854,51.174094581406116,46.70498995655756,0.8333333333333334,6
202,2,72.83750452521068,69.51263360742415,72.60490463910828,51.73916090118949,69.51263360742415,1.0,6
203,0,21.584051808829248,21.35649137854079,36.8201381697028,31.04146881898378,21.35649137854079,1.0,6
203,1,28.10587364680308,27.58205047258927,64.26977273922779,48.09037888184014,27.58205047258927,1.0,6
203,2,52.10878658639026,51.79934828297345,133.4019047847872,79.73793345182315,51.79934828297345,1.0,6
204,0,37.2703020288144,35.39441508789718,9636.120102139534,116.71381209999248,35.39441508789718,0.6666666666666666,6
204,1,19.373751259994975,17.66282993656179,166.85551325030573,75.31025926678409,17.66282993656179,0.8333333333333334,6
204,2,15.900560689305339,15.784645622430352,238.9272943225809,106.73165476167222,15.784645622430352,0.6666666666666666,6
205,0,88.85594126427405,84.49046035901931,38452.88043305193,123.32128272046867,84.49046035901931,0.5,6
205,1,46.80487696328407,36.23729066081561,153.92472742420918,63.205910238950224,36.23729066081561,0.8333333333333334,6
205,2,38.215880144802675,37.12503609906573,57.42347363931596,44.25301499161769,37.12503609906573,1.0,6
206,0,41.00778698092659,38.16841482914238,10779.51788655865,119.09464446422993,38.16841482914238,0.5,6
206,1,15.701602471470217,12.664507742353992,31.865294756083667,33.10896302550434,12.664507742353992,1.0,6
206,2,9.409098660610997,8.402297473055333,23.039634878472462,25.19578906503864,8.402297473055333,1.0,6
207,0,40.46697724400523,31.778182738902768,843.2442217241922,66.32477134905895,31.778182738902768,0.8333333333333334,6
207,1,29.030075406223226,26.498993092640685,92.5784987326434,56.52482546852039,26.498993092640685,1.0,6
207,2,23.92802023713996,23.334346824182944,46.01136579658965,37.022854729466154,23.334346824182944,1.0,6
208,0,102.3243574553338,93.64179004521556,195.5873723378162,81.87428236405806,93.64179004521556,0.8333333333333334,6
208,1,52.835575645816114,44.40794790635425,98.89011870479462,58.82399735177154,44.40794790635425,1.0,6
208,2,30.05723747805127,28.788257454742492,41.13282665999765,33.5497662844976,28.788257454742492,1.0,6
209,0,31.301181314790792,23.37943142281503,22.007453948794932,23.1398939317073,23.37943142281503,0.8333333333333334,6
209,1,57.84898630623255,55.71760736191959,115.74114226361559,63.43051128435492,55.71760736191959,1.0,6
209,2,44.58151153971621,30.969465230611068,1474.3788869792759,49.73902471069382,30.969465230611068,0.8333333333333334,6
210,0,25.447462583019103,20.355443749341564,94.40578137696014,57.47313602426437,20.355443749341564,1.0,6
210,1,20.198349241125904,13.878105148207858,25.585571008323388,36.61610850418033,13.878105148207858,1.0,6
210,2,14.015052123522935,13.03101401831448,19.216898422786755,20.923396197498914,13.03101401831448,1.0,6
211,0,32.07182761447268,27.4441840952358,57.355884644215514,39.93055716003895,27.4441840952358,1.0,6
211,1,93.09576487810045,89.13023107075973,20188.888931177196,136.3268325198578,89.13023107075973,0.3333333333333333,6
211,2,23.52261513274589,18.32200659681368,90.7699455412503,45.67578940948014,18.32200659681368,1.0,6
212,0,91.49317089993684,89.34238366561044,125.73316584172565,67.64220187167331,89.34238366561044,0.8333333333333334,6
212,1,94.47493296545049,92.14828689423801,19799.121756739816,124.13542757732306,92.14828689423801,0.3333333333333333,6
212,2,36.88721364429868,36.30136001246414,63.24187710405026,47.4104160128528,36.30136001246414,1.0,6
213,0,36.56388361456592,35.21817150242703,38.48088972663437,31.590032861058447,35.21817150242703,1.0,6
213,1,35.47714143456098,34.17803087217691,56.09799964699816,42.71740101387021,34.17803087217691,0.8333333333333334,6
213,2,86.3784194003918,81.48577594794241,19481.572450211654,118.01928623046744,81.48577594794241,0.5,6
214,0,12.965257808808833,9.495592087850921,21.60420053257806,18.405454510898732,9.495592087850921,1.0,6
214,1,12.338854666179552,11.388671448265361,18.967866317431984,19.39036548179939,11.388671448265361,0.8333333333333334,6
214,2,33.74351418577243,23.07106938237266,11565.222360796162,57.303334189060685,23.07106938237266,0.8333333333333334,6
215,0,28.77145755730678,22.645969549738748,29.967036307251842,39.21650321542509,22.645969549738748,1.0,6
215,1,92.9619683511067,89.49125308245186,20547.490170534926,131.57244019549205,89.49125308245186,0.5,6
215,2,41.25939877506575,39.03763802772236,89.70495117786714,62.75203361448165,39.03763802772236,1.0,6
216,0,32.372625811542335,30.052771620077525,15491.08983819207,105.51591013528787,30.052771620077525,0.6666666666666666,6
216,1,7.835060491991793,6.661854712328871,12.086898573639276,11.630296914189616,6.661854712328871,0.8333333333333334,6
216,2,28.31736454302576,26.045752614381758,40.34609531618771,52.703272477989614,26.045752614381758,0.6666666666666666,6
217,0,48.662175796897635,38.49705289471114,42.36112422627308,32.45714329599355,38.49705289471114,1.0,6
217,1,61.86640406301458,51.18008356726515,103.58349913312084,62.86372377347293,51.18008356726515,0.8333333333333334,6
217,2,65.95496628702348,52.34312603951178,98.79897762091483,57.10479759615434,52.34312603951178,0.6666666666666666,6
218,0,94.42936841483406,88.38718320552879,58174.893273700094,143.76749951079404,88.38718320552879,0.5,6
218,1,26.391841132386695,22.621683873906097,61.95039638596227,40.1561391355723,22.621683873906097,1.0,6
218,2,20.53928908777559,17.96372247847709,32.12790884742828,28.48793540325994,17.96372247847709,1.0,6
219,0,14.412832619393846,13.56269272548892,120.09917457164532,71.78431446505921,13.56269272548892,1.0,6
219,1,25.066697165591496,24.490315834263082,320.3035837319621,119.92117130544489,24.490315834263082,1.0,6
219,2,16.377710858696055,16.19728111510683,267.9211029258497,111.08013609694034,16.19728111510683,1.0,6
220,0,5.063155560432039,4.495577792470274,645.4249967675433,72.84107424192553,4.495577792470274,0.8333333333333334,6
220,1,4.968274490173447,4.862724636772969,89.32515740941103,61.34040252029976,4.862724636772969,1.0,6
220,2,3.141714233092946,3.043332359611954,95.42319199388318,59.25971278081546,3.043332359611954,1.0,6
221,0,42.46224547950395,28.56628201160922,100.34604139937422,36.363475254042484,28.56628201160922,1.0,6
221,1,17.98666096421731,16.266189893003077,17.000030728107266,18.95682117009351,16.266189893003077,1.0,6
221,2,26.615098293835253,25.06665027876004,29.37418066332411,25.22587821482348,25.06665027876004,1.0,6
222,0,24.654748174900046,22.168751159809528,17.916056318379816,16.114067492980297,22.168751159809528,1.0,6
222,1,13.896503776025178,13.435010367122503,14.744817028559712,15.388662094319955,13.435010367122503,1.0,6
222,2,89.63671722723555,87.78831061349557,149.1291844718481,81.85551632038103,87.78831061349557,1.0,6
223,0,58.85328454774191,54.32263372193071,41.48646727796576,37.47987644934192,54.32263372193071,1.0,6
223,1,8.933284709247616,6.757315294437217,6.442937543833306,6.114586197705087,6.757315294437217,1.0,6
223,2,101.23874371852412,95.81177021905897,226.8510506559044,91.90085036197594,95.81177021905897,1.0,6
224,0,4.766993378616916,4.239862641298085,80.63445011239074,52.29479647912765,4.239862641298085,1.0,6
224,1,2.9212767231584875,2.671699521565507,103.48287861850449,63.125164883992746,2.671699521565507,0.6666666666666666,6
224,2,6.101654578382248,6.044800634971647,375.5709730522514,127.3279030066437,6.044800634971647,0.16666666666666666,6
225,0,18.97190672250007,17.602227269078593,66.24560965374887,47.776394847396865,17.602227269078593,1.0,6
225,1,8.00344357726742,7.116032593647463,32.03430661750152,26.728129791650534,7.116032593647463,1.0,6
225,2,26.24730908718506,26.046083066710974,5629.530334328945,104.3475154132915,26.046083066710974,0.8333333333333334,6
226,0,10.259360466812975,8.72448944729142,61.36638021715388,43.940113227267624,8.72448944729142,1.0,6
226,1,10.427650128985613,8.13258470643786,64.1305372725682,42.55617516531775,8.13258470643786,1.0,6
226,2,18.42639601680427,17.36690876180982,170.94490994081426,86.50390503081913,17.36690876180982,1.0,6
227,0,33.11585071419467,27.86701089977045,548.0969186425299,78.19588643896007,27.86701089977045,1.0,6
227,1,30.903738424365688,27.47113146227981,30.129324150525207,37.486481785961004,27.47113146227981,0.6666666666666666,6
227,2,19.724888487938742,18.381190685965837,25.97401471780416,29.7909708086299,18.381190685965837,1.0,6
228,0,69.30183214902867,56.406282960740604,40.61529682113172,58.664402680544924,56.406282960740604,1.0,6
228,1,30.333603059946576,26.903312694222336,30.521279532911215,25.120361101406026,26.903312694222336,1.0,6
228,2,78.77538983369546,77.27249874822992,136.7393862838991,78.56375480681463,77.27249874822992,1.0,6
229,0,15.459597218296993,11.400733006548371,4066.1229897801627,77.01337567393477,11.400733006548371,0.8333333333333334,6
229,1,34.774558924235066,32.549838484388765,2023.9226411223185,132.78597626720824,32.549838484388765,0.5,6
229,2,7.069813428278788,4.88695613451466,28.598329262002647,23.634353686978198,4.88695613451466,1.0,6
230,0,77.3829951767584,68.04567920493118,65.65513142704317,112.13491152807048,68.04567920493118,0.5,6
230,1,53.37578784274012,47.43928892166806,82.64929061995363,148.59042289723672,47.43928892166806,0.8333333333333334,6
230,2,43.16913625269084,40.3138186373804,61.76747796037127,86.52894481915715,40.3138186373804,1.0,6
231,0,21.534211570243144,21.031664806599558,30.94904062845866,26.55132765239827,21.031664806599558,1.0,6
231,1,29.07057737402952,28.022387138215308,55.85303719608593,42.785305185076886,28.022387138215308,1.0,6
231,2,43.07737226404741,41.22654164143404,112.99809950655187,66.55119781523764,41.22654164143404,0.6666666666666666,6
232,0,2.1172874445016245,1.375844598715193,21.96793597718134,17.87328739849633,1.375844598715193,1.0,6
232,1,7.415310135572747,7.187949571851932,209.83839253214808,101.19972720729578,7.187949571851932,1.0,6
232,2,6.395482779988181,6.086932392595357,511.0669148777707,130.43338649966972,6.086932392595357,0.3333333333333333,6
233,0,15.949454453541065,14.781528936580903,23.00484650255772,22.26248925885588,14.781528936580903,1.0,6
233,1,21.05748374081894,17.29571616130916,38.747314781451564,28.297506066830135,17.29571616130916,1.0,6
233,2,49.389195763085034,47.774270475092585,162.15752427676566,85.4565797764994,47.774270475092585,0.6666666666666666,6
234,0,15.135078349606694,13.924623254395152,16.981932214351136,16.609592630349216,13.924623254395152,1.0,6
234,1,23.446628267309936,16.78891534077432,32.01474191905553,22.632255621104036,16.78891534077432,1.0,6
234,2,45.385805037836015,43.018508686386184,85.95925893742535,57.830675104035265,43.018508686386184,1.0,6
235,0,23.864454370862255,21.22445863287052,32.0993393886243,29.146147944270755,21.22445863287052,1.0,6
235,1,21.35263374539559,18.18427665167719,33.58456271403421,26.849413401394735,18.18427665167719,1.0,6
235,2,22.117532630344744,17.87015069368877,32.3670836651193,25.93060570155193,17.87015069368877,1.0,6
236,0,26.45370199073087,23.426603522859285,34.943770663881004,34.8017309685584,23.426603522859285,1.0,6
236,1,21.691145677443465,18.615925807285258,23.392738544766438,26.133937939188296,18.615925807285258,1.0,6
236,2,56.02730156046968,42.90541869393601,17041.682907556027,71.46663499190655,42.90541869393601,0.6666666666666666,6
237,0,46.37033860857522,46.14078420020994,79.14722651190587,55.744733782764754,46.14078420020994,1.0,6
237,1,39.79486419933573,39.53055319599645,82.84265384718492,58.38634657977452,39.53055319599645,1.0,6
237,2,34.155876540171874,33.36838731972565,70.74722100578957,51.62125201248604,33.36838731972565,1.0,6
238,0,39.123571178632815,38.296896970180434,69.41680767122355,49.52796217566799,38.296896970180434,0.8333333333333334,6
238,1,37.935968253567744,32.75261443745914,51.053617670799134,38.01068963664551,32.75261443745914,1.0,6
238,2,49.4474010063657,48.572740214476795,166.36009995211515,84.88692722749556,48.572740214476795,0.5,6
239,0,9.187312179893327,7.65188893981514,11.140312108301815,10.266602905018347,7.65188893981514,1.0,6
239,1,8.21606465762587,6.715190165141466,9.93367101241513,9.48588729194541,6.715190165141466,1.0,6
239,2,22.369782155082717,17.10502674161722,38.69660144206233,26.544366578524592,17.10502674161722,1.0,6
240,0,24.099833556508116,21.645329656699506,21.783824037338835,25.30127095857848,21.645329656699506,1.0,6
240,1,21.288233599149827,19.59470756260009,21.3986146772053,19.09102035166349,19.59470756260009,1.0,6
240,2,50.04094364697012,49.10137632936151,80.35787428263887,56.897001237895594,49.10137632936151,1.0,6
241,0,45.13890982676356,32.65044791166806,39.696143729990155,27.869111415570448,32.65044791166806,1.0,6
241,1,13.708829856842646,10.7710490924418,10.210783930802668,9.680749270152358,10.7710490924418,1.0,6
241,2,53.127130561353844,49.053627167520084,61.25164636341216,45.092921185179584,49.053627167520084,1.0,6
242,0,10.433136919220777,9.159146804313613,7.790612422946978,7.426614060799016,9.159146804313613,1.0,6
242,1,20.020998564771677,18.60381134766231,16.524005097635065,15.074115026302465,18.60381134766231,1.0,6
242,2,58.89962668833092,43.92149168473373,177.4385169812403,52.8211716456927,43.92149168473373,0.6666666666666666,6
243,0,7.2358421828226085,7.128591071781108,197.14046430529984,95.48946050449355,7.128591071781108,1.0,6
243,1,3.0698075199654875,2.962330678396493,99.66780474414044,64.77307133539975,2.962330678396493,1.0,6
243,2,2.1506777434622597,2.0819036965707185,127.71653479085427,74.53603497497824,2.0819036965707185,1.0,6
244,0,17.631169454574817,16.717601255028608,187.45968526665467,95.28784911764086,16.717601255028608,1.0,6
244,1,15.768338857995444,15.080175425347571,173.93069056437565,88.26007442108184,15.080175425347571,1.0,6
244,2,16.75224240969891,16.103439046736543,63.83329442864806,95.85745448314343,16.103439046736543,0.5,6
245,0,31.637945956271373,25.148677871905104,37.98063187392737,31.976344500586666,25.148677871905104,1.0,6
245,1,38.441541300707215,34.94259912172929,68.24889026901863,114.44074421820486,34.94259912172929,1.0,6
245,2,40.39232114823591,32.96720236409845,54.222750425968904,39.53498883790992,32.96720236409845,1.0,6
246,0,13.379546386549858,11.068539462619563,12.751050765030328,12.345934781020466,11.068539462619563,1.0,6
246,1,70.45744762156752,68.06087759313476,123.8597807136496,73.91308711181166,68.06087759313476,1.0,6
246,2,31.752998768008215,28.73888012856877,27.500258521055905,32.688025829258805,28.73888012856877,1.0,6
247,0,11.007303765352644,9.179299212941276,74.45471719530771,48.61032747067729,9.179299212941276,1.0,6
247,1,9.744956438575327,8.95360284692814,3105.2475047304283,139.85069246730103,8.95360284692814,0.3333333333333333,6
247,2,7.577950407137165,7.541998764438705,79.52204122651632,56.43314711056696,7.541998764438705,1.0,6
248,0,9.035193298185431,7.789624663449416,32.71102021230233,35.36203413114865,7.789624663449416,1.0,6
248,1,15.480112480823214,13.704717459847137,85.4387553104838,50.55582732042838,13.704717459847137,1.0,6
248,2,12.220475459974637,10.614201256946936,46.02512180044055,38.25241779734799,10.614201256946936,1.0,6
249,0,63.02752003303621,56.80601989151116,111.22325851990074,55.92153538233317,56.80601989151116,1.0,6
249,1,65.24218261211713,62.77101905701184,81.31586152533563,56.599142837961324,62.77101905701184,1.0,6
249,2,66.34751467630242,63.662448346550285,167.95049665039102,75.29415211421434,63.662448346550285,1.0,6
250,0,23.623047018960488,21.2895999151512,56.38492632011199,41.74593437683077,21.2895999151512,1.0,6
250,1,60.00745140470152,58.764116668867786,120.44427146610579,74.01787380411061,58.764116668867786,1.0,6
250,2,28.76185107378166,26.873402005161747,64.69885109549217,48.06078981119972,26.873402005161747,1.0,6
251,0,74.20512389646525,74.14292075060946,217.90978489573783,103.71070107614548,74.14292075060946,1.0,6
251,1,66.7156811637661,63.8142059128418,13619.31751240306,105.6721943652839,63.8142059128418,0.8333333333333334,6
251,2,8.433490078898753,7.905451946732247,29.842695166119366,25.396893940675046,7.905451946732247,1.0,6
252,0,38.194393892511215,32.616749767648365,87.30802235227517,54.010674324713946,32.616749767648365,1.0,6
252,1,43.79175578401785,29.38972353001392,24756.919278432313,70.74973905788234,29.38972353001392,0.6666666666666666,6
252,2,28.351145051097244,23.61829480790313,60.03930452719275,45.269971630325394,23.61829480790313,0.8333333333333334,6
253,0,44.90461256017695,38.845033100369115,169.92564498136753,65.01303189918704,38.845033100369115,0.8333333333333334,6
253,1,40.950934837855,34.04836108727283,11076.126964296447,78.92715200457778,34.04836108727283,0.5,6
253,2,22.460112127909944,17.970208387503362,25.697036829678638,28.107016377842875,17.970208387503362,1.0,6
254,0,54.58643105532803,51.363679285142325,187.81351275385373,76.09184394947262,51.363679285142325,0.6666666666666666,6
254,1,40.718270344114075,36.23944417095321,9216.30441798568,85.87432883456675,36.23944417095321,0.6666666666666666,6
254,2,36.40428069569872,30.383243864538418,12413.971811022466,61.497697621420656,30.383243864538418,0.8333333333333334,6
255,0,7.7533752359221095,5.784551282234478,612.0688908557838,76.10415761006402,5.784551282234478,0.8333333333333334,6
255,1,86.69274773912841,78.73336514118473,398.2058444065171,121.43936699011503,78.73336514118473,1.0,6
255,2,9.157001437456579,8.423966388673762,1143.2144283713774,86.76802755189757,8.423966388673762,0.8333333333333334,6
256,0,90.05153329956363,70.8981347581245,36.263030438172336,50.23730893490512,70.8981347581245,0.8333333333333334,6
256,1,60.96982542152422,47.50534543941373,195.55562109693588,50.82405729438138,47.50534543941373,0.8333333333333334,6
256,2,54.80117901520334,49.70015258193504,63.31463531912852,42.99245588556187,49.70015258193504,1.0,6
257,0,106.20924218292116,102.2594244814987,118.99694270586309,73.53525791044859,102.2594244814987,0.8333333333333334,6
257,1,133.41506740283106,130.15133180033095,296.4667132563277,112.66764562209168,130.15133180033095,0.8333333333333334,6
257,2,53.87988300239682,51.96946711556857,119.35248703350389,69.5357523882138,51.96946711556857,0.8333333333333334,6
258,0,27.136591643055972,19.4439989390744,41.93960546507652,30.191157153366127,19.4439989390744,1.0,6
258,1,65.1725778582889,62.07356835877763,100.86297167584499,65.1051181937622,62.07356835877763,1.0,6
258,2,15.516787904897587,14.259204627975892,19.148926931319732,19.573488595760292,14.259204627975892,1.0,6
259,0,4.137419893384224,3.597550521001326,52.952668050444586,39.629909194576456,3.597550521001326,1.0,6
259,1,4.84148574593209,4.383152119028892,43.714523198582086,58.65536904902267,4.383152119028892,1.0,6
259,2,5.612016268044745,5.288506482536601,106.83205898081047,65.53757113141431,5.288506482536601,0.5,6
260,0,30.74998110394488,28.831341908200415,61.99875294434428,44.468427584930055,28.831341908200415,0.8333333333333334,6
260,1,29.82157045520539,22.914265110880947,29.315158235591092,24.96287758287668,22.914265110880947,1.0,6
260,2,58.87257054571369,53.162758852976275,15641.173735805973,89.94622985106746,53.162758852976275,0.6666666666666666,6
261,0,16.541037898663877,14.567412419596515,17.036920599949664,18.757252809777214,14.567412419596515,1.0,6
261,1,44.800612364173034,33.582931888026,42.53392860738506,30.541637429866658,33.582931888026,0.8333333333333334,6
261,2,53.15946477934823,39.960110411746015,15689.10343141355,67.19438859268085,39.960110411746015,0.8333333333333334,6
262,0,24.163065957353503,22.525800337550248,32.108569421439356,27.061736523041517,22.525800337550248,1.0,6
262,1,49.598038933664796,47.12091340365395,69.51281667801406,50.3001236976338,47.12091340365395,1.0,6
262,2,47.797171865700726,40.159515564279666,15609.374972670916,63.0622278918311,40.159515564279666,0.8333333333333334,6
263,0,8.976958559161545,7.024030459564688,2821.0988453563664,67.6717632269748,7.024030459564688,0.6666666666666666,6
263,1,16.442904644700494,15.497497591556145,734.4190750444725,92.3205725705826,15.497497591556145,0.8333333333333334,6
263,2,9.220611599554895,9.018127234293617,264.7448607989912,106.31544650007989,9.018127234293617,1.0,6
264,0,7.6324126489570885,6.353910124167473,2296.196197014733,77.89700947869629,6.353910124167473,0.6666666666666666,6
264,1,15.685024758162125,14.763779964514674,133.89951446679768,75.51114130432349,14.763779964514674,1.0,6
264,2,7.311081978179661,7.04548682271124,91.1748571546002,60.84168678470062,7.04548682271124,1.0,6
265,0,2.935592679686396,2.530082689571252,27.465613001950523,32.708291526246484,2.530082689571252,1.0,6
265,1,8.808242719456612,8.007365864801917,2536.221793480141,89.24118656725742,8.007365864801917,0.6666666666666666,6
265,2,6.91214527746088,6.260021850056212,591.184361090665,111.7475962343901,6.260021850056212,0.3333333333333333,6
266,0,1.746699992094548,1.6553046649119798,14.51487321592015,15.718370232875516,1.6553046649119798,1.0,6
266,1,7.471191158015186,6.453488270665582,258.5712272248824,74.67316474363388,6.453488270665582,0.6666666666666666,6
266,2,9.267399627402089,7.971423134873274,2661.7467702718163,111.5782531488301,7.971423134873274,0.5,6
267,0,52.781367599553796,51.9701262910019,96.216106239892,63.40078032490416,51.9701262910019,1.0,6
267,1,24.42482438062777,22.285259614118214,28.447799366373655,27.553093195812384,22.285259614118214,0.8333333333333334,6
267,2,41.959431163290944,33.064103427804525,12765.48615460119,63.625167008522155,33.064103427804525,0.8333333333333334,6
268,0,15.908033652441999,13.374826133819903,22.9788896850338,27.173336877256745,13.374826133819903,1.0,6
268,1,48.959414251273394,43.41729564261771,94.40838843989906,58.3367476877931,43.41729564261771,0.8333333333333334,6
268,2,36.09022240713694,29.033904597860403,10667.680656405711,71.91693579669321,29.033904597860403,0.8333333333333334,6
269,0,31.916603582767856,31.230627650805186,58.69654952812957,85.19279543707596,31.230627650805186,0.8333333333333334,6
269,1,18.17255267740729,14.64311088756463,28.61650243861232,30.007824805478805,14.64311088756463,1.0,6
269,2,33.17246533960201,27.173059341642148,8791.523258238534,89.08801406861575,27.173059341642148,0.5,6
270,0,21.33461142137711,19.499858803594567,60.46323519191529,70.18459746282274,19.499858803594567,1.0,6
270,1,29.292171651407934,20.28170195123391,59.6674080192256,36.137637952733186,20.28170195123391,0.8333333333333334,6
270,2,31.22970251163639,24.832925999741505,5756.6040472261675,67.64916881488415,24.832925999741505,0.6666666666666666,6
271,0,33.66424154613384,20.04165065196148,307.3605903868792,69.1826994283499,20.04165065196148,1.0,6
271,1,4.006000103246649,3.1923982871785834,107.69648468794959,49.673079333072586,3.1923982871785834,1.0,6
271,2,7.561855110732515,7.4693448343616,1931.4620426462295,140.17440947712245,7.4693448343616,0.6666666666666666,6
272,0,50.67112487764795,48.00544989283355,60.41768681919598,91.31431124545335,48.00544989283355,1.0,6
272,1,35.40670123743178,27.33974428406779,34.68061398101593,27.591153995069302,27.33974428406779,1.0,6
272,2,25.21056684088404,21.853595681812408,36.77376305192557,29.347305960735902,21.853595681812408,1.0,6
273,0,53.33234041546935,52.68417082192573,72.42407927842038,116.60288969558954,52.68417082192573,1.0,6
273,1,12.479356809598878,10.512542818398213,16.935925714662172,16.130810141479554,10.512542818398213,1.0,6
273,2,35.45961023140016,33.81712218604651,77.24679526773215,53.67774032659971,33.81712218604651,1.0,6
274,0,38.41422408539368,35.71162904114808,41.709456846034435,55.35892357231727,35.71162904114808,1.0,6
274,1,40.08222754744827,36.53767234469219,122.56941980957106,64.20836141489062,36.53767234469219,0.5,6
274,2,74.95951168383614,73.89887376559868,203.24600840002702,97.13910419089585,73.89887376559868,0.6666666666666666,6
275,0,31.682836645037845,31.257523547328407,91.66425557370968,170.65961655423948,31.257523547328407,1.0,6
275,1,25.880043069003822,23.583863860759674,667.3252858956048,109.84579220635038,23.583863860759674,0.3333333333333333,6
275,2,11.985636008578973,11.899585176655636,49.70517557139751,39.49315052109906,11.899585176655636,1.0,6
276,0,2.0130583111372418,1.5641935482683749,566.0943870560285,77.40678577799312,1.5641935482683749,0.8333333333333334,6
276,1,8.234902445981005,7.859446711928961,258.5005284661447,100.85116042338215,7.859446711928961,1.0,6
276,2,2.9255614696490175,2.8078589098805034,187.90069566005928,89.96453080734096,2.8078589098805034,1.0,6
277,0,9.445524857015478,8.232469495402604,2584.9997392922437,103.68151145555129,8.232469495402604,0.5,6
277,1,17.775155216895193,16.441460446065676,206.45554461790047,88.49790721430496,16.441460446065676,0.8333333333333334,6
277,2,4.078334474726566,3.497418213895949,69.39884327619748,47.78348087679221,3.497418213895949,1.0,6
278,0,14.841898318668097,11.411113515333943,4664.383775053452,63.97128954189245,11.411113515333943,0.8333333333333334,6
278,1,15.482182155578785,13.777426537306267,163.03632385655743,66.21366026388749,13.777426537306267,0.6666666666666666,6
278,2,17.29581338966249,16.968753394007937,383.87046864668156,130.8187355803351,16.968753394007937,1.0,6
279,0,25.97204005797915,21.517998034867478,26.954773612436227,33.322596575945276,21.517998034867478,1.0,6
279,1,60.26864237671434,48.18806686470027,646.448469199163,69.50222800787176,48.18806686470027,0.5,6
279,2,25.749512030615,24.72522406881407,35.47703871489566,29.51751351195384,24.72522406881407,1.0,6
280,0,50.70823929523099,43.91989587541886,45.07894280014782,56.68380108902312,43.91989587541886,1.0,6
280,1,43.19672632534276,36.69706945273712,150.25712196321768,54.65727589226545,36.69706945273712,0.8333333333333334,6
280,2,46.3184825677441,41.179796538520996,88.93998311752507,58.19237337218072,41.179796538520996,0.8333333333333334,6
281,0,4.038235679595836,2.7588275319917046,26.9889946812617,33.96276076705876,2.7588275319917046,1.0,6
281,1,10.523881547730523,8.37286255806191,41.26918960808742,56.37306234227274,8.37286255806191,0.5,6
281,2,10.826679282104637,9.650449511407048,36.81245448907867,47.335201522461986,9.650449511407048,0.6666666666666666,6
282,0,75.14432456854907,72.80337675567624,50.17354097100044,68.83123559627066,72.80337675567624,1.0,6
282,1,13.429542148116386,12.259080051913363,9.344283889178548,9.695195944457247,12.259080051913363,1.0,6
282,2,23.09312462958792,19.431716555820355,16.08406109901223,14.82607942389023,19.431716555820355,1.0,6
283,0,7.293141050047893,6.384151468210523,25.331802345790432,30.336319261175802,6.384151468210523,1.0,6
283,1,23.62544360604722,21.88128240196056,201.0609483632201,84.23211600048339,21.88128240196056,0.6666666666666666,6
283,2,22.1169669275878,21.737629248094837,534.63715084356,126.75185869308613,21.737629248094837,0.5,6
284,0,41.91994278958451,41.78795824971481,97.8926464785306,191.7719418358903,41.78795824971481,0.16666666666666666,6
284,1,39.77365539391971,36.749404829489286,496.1406421809171,124.05416111816542,36.749404829489286,0.5,6
284,2,22.214053980742094,21.54743937379612,217.2683128682519,100.4195207726077,21.54743937379612,1.0,6
285,0,8.155959440183077,7.659706204024656,64.48219578786973,63.75816903730255,7.659706204024656,0.8333333333333334,6
285,1,25.41678015483567,24.643476855610757,488.7019502352558,134.25656805003803,24.643476855610757,0.16666666666666666,6
285,2,9.678212251217676,9.596435810950616,185.87692389816556,96.2230245422954,9.596435810950616,1.0,6
286,0,23.02153535709942,19.79600802061032,30.578389410256296,24.936409669705885,19.79600802061032,1.0,6
286,1,32.14691975730493,30.895848560914192,55.929937775639004,42.66015294233521,30.895848560914192,1.0,6
286,2,47.75748366013792,45.335436169773345,11751.579008765935,96.07538742391543,45.335436169773345,0.6666666666666666,6
287,0,132.95246410506974,130.3009126874133,92.71649762584403,174.83003461754143,130.3009126874133,0.3333333333333333,6
287,1,30.84650015780651,25.033010785006155,21.10399800937315,22.946617806683236,25.033010785006155,1.0,6
287,2,96.6674924025698,84.2792182129865,258.3639229681297,89.57426607987978,84.2792182129865,1.0,6
288,0,36.60700640232819,32.27462352406207,44.89939461885068,59.633684792237375,32.27462352406207,1.0,6
288,1,99.21540503441835,95.18298670932275,537.0452990475741,93.73356552846239,95.18298670932275,0.8333333333333334,6
288,2,53.92281637134093,41.907818466148136,14841.132244786608,83.83863386134128,41.907818466148136,0.6666666666666666,6
289,0,92.72325708016804,85.36720817838153,56.92792255249381,81.27248428008666,85.36720817838153,0.8333333333333334,6
289,1,42.54708411270536,39.91104115291351,23.15619817948439,26.477810027466514,39.91104115291351,0.8333333333333334,6
289,2,71.58798775320848,71.13838713205739,109.19547321444544,68.73020815656587,71.13838713205739,0.8333333333333334,6
290,0,37.304222374979176,35.75734210519799,54.67026505165138,53.93430677250062,35.75734210519799,1.0,6
290,1,42.68308423326168,39.156009921193395,70.3063569245941,47.26041252940619,39.156009921193395,1.0,6
290,2,60.6670459490702,60.014169095440366,12969.526228930832,117.0128078539667,60.014169095440366,0.8333333333333334,6
291,0,11.896559905732662,10.089316942366745,150.39702158104865,200.0,10.089316942366745,0.5,6
291,1,28.748157799308785,25.728489265117684,979.2971789290823,122.39296954575849,25.728489265117684,0.8333333333333334,6
291,2,23.674382439589568,23.44211750499774,63.83247363233132,95.75460738884222,23.44211750499774,0.0,6
292,0,8.806699564483099,6.68779994284865,2998.6278218585953,51.924703137222004,6.68779994284865,0.6666666666666666,6
292,1,66.13211020432804,63.0901309718833,1471.223330542006,144.67122902719643,63.0901309718833,0.6666666666666666,6
292,2,9.490206342104601,7.225620295935468,27.428908182101637,35.38886234247169,7.225620295935468,1.0,6
293,0,75.03051628571943,72.14497631984862,89.80594621785598,163.60031672147113,72.14497631984862,1.0,6
293,1,51.98317726876008,44.30347985697579,15693.77255950762,75.74382070147593,44.30347985697579,0.6666666666666666,6
293,2,9.592439345653762,7.269336049025469,10.55423318123368,10.440175913638544,7.269336049025469,1.0,6
294,0,25.023439972659435,20.27862638619969,81.06565978726654,133.95824558935212,20.27862638619969,0.6666666666666666,6
294,1,8.105295081234727,6.4132771662365124,81.53680815664973,140.3101320761029,6.4132771662365124,0.8333333333333334,6
294,2,5.529593153239959,4.340530368391535,305.28615815833894,56.9427394944544,4.340530368391535,1.0,6
